0.141741823786766,0.18044085847275007,0.09301067360821899,0.5630650088431044,-1.0198475460757674,-1.1992662630315232,-0.4459512626238067,1.1660698695718699,-0.589106749298436,0.9800837009547455,0.734178804642499,-0.2922757503319646,0.473240372970391,-0.5162438473417476,0.8712074651038676,0.24575565516961467,0.8467422704812152,0.7651607838293216,0.4279714339039489,0.3090254769935251,0.5829442901736336,0.7212074651038675,-0.29424434483038797,0.9572808764354211,1.2742142707981312,0.9496403277221274,-0.16761472576176176,0.057413031576007856,0.48120746510386103,0.46018065901928784,-0.4905001274817602,0.45659631736987216,0.7165929681901312,0.2700973801051266,0.21635949523559858,0.7512074651038677,-0.42014924114264884,-0.4045245446012743,-0.5408168797522389,1.2741744900847167,0.1731205806812661,0.25077282882072915,0.21786603463032847,-0.9990485833992092,1.170088015512496,1.3313889808265096,-0.3444449635003908,-0.48353798884520965,-0.5103971402998974,0.4627284390983699,0.16727156090163772,-0.15991629904526108,0.1700837009547372,1.5513846662687376,-0.482983509469062,0.3991248705009838,-1.2641673870832526,-0.7254640378395031,-1.408047550352982,-0.7709467909436077,-0.723514571340094,-0.21411293538256584,-0.6461574802632638
-0.8543614551516185,-0.9375999601829839,-0.5807748644096117,-0.8631757830905098,-0.9424087176922404,-0.7017659720237606,-0.45261519894181257,-0.2227046537854871,-0.54409812908592,-0.9442177984804379,-0.3025978921286673,0.533274038559786,0.8092765292614525,-0.12837484195461848,-0.21092818302484978,-0.7358745998465652,-1.1825949152899125,-0.05672893827896586,0.07910399916836786,-0.7390349219607915,-0.2655286009997264,-1.200928183024858,-0.23587459984655795,0.803846832993633,-1.013374484396675,-0.903645004046592,0.702166638732812,0.8270350272707556,0.3990718169751529,-0.8024664719088537,0.12531512177966284,0.06711717953974228,-0.6530773088424126,-0.4742882661356145,-0.10488718467029812,-1.050928183024855,0.23574530650520648,-0.25430778524582465,-0.4314025322666343,-0.6375462902771878,0.09258498439096915,-0.46176341203563165,0.7206947001656663,-0.5530816719157072,-0.6592694003319188,-0.04603089530055266,-0.1310684812532473,-0.509037898799539,0.23609428219079026,0.2889182294050264,-0.04891822940502858,-0.6642177984804375,-1.094217798480429,0.03902070655092822,0.8235268844315649,-0.10703375591656242,-0.5176899469483682,-0.5359800538312145,0.5044080121100349,-0.3188415319813662,0.5362070930313616,1.0946710578083494,-0.3033828384245315
0.4801432718811755,-0.01626662748600816,-0.22974439181739997,-0.21081771478361838,0.1885248545769469,-0.5750084611700234,-0.4679585324672595,-1.0685985981561168,-0.8002515779642083,-0.6638152074268886,0.8182197489244456,-0.5224782395118432,-0.8994949230653274,-0.6781115530117094,-0.6137768387307154,-0.7150733373896005,-0.3414276532430057,0.3571691626556157,-1.2964994890405506,0.6830000123420932,0.24216411485709818,0.18622316126927985,-0.30507333738961023,0.8064870282164525,0.1035742884648444,0.08515006030140668,-0.7442814881364239,-0.07667025808117325,-0.5937768387307156,-0.1675168481008536,-0.5942223755242892,-1.2295131985866226,0.6546031832685328,0.24185967704290737,0.6895761309233839,-0.08377683873072068,0.09696161896173164,-0.71331727763262,0.04565907606285353,-0.3597271769997903,0.9250349686934274,-0.7039517585596888,0.3886107154531605,0.7100117588349326,-0.8558682815026437,-0.009458382135467338,0.1497751393922248,0.43264741450956656,0.32455166904097654,-0.9962110439722283,0.08621104397223134,0.6661847925731115,-0.2838152074268851,-1.2874053080597285,0.8750795476499997,0.14042348682725408,-0.6357686976917303,0.7657683288653352,0.9070708279515853,0.16972693081349888,-0.1585725929432819,1.0502112754123303,0.22795795407388908
1.0874313241910447,0.1296228987413901,-0.4829200517112368,0.182771952263991,-0.5162853180637678,-0.21188898400222367,0.2448265571901525,1.0647790722128394,0.4248526064855104,1.0322916912718796,0.6410792970826921,-0.4390122539077084,-0.15733190479541392,0.07021524139834576,-0.02531226455174833,-0.42505605674989927,-0.5229093392301619,-0.015023617594846798,0.08333479630538615,-0.4661275932372701,0.014569081010708149,-0.805312264551741,-0.15505605674989525,0.6294116364180327,-0.9618232239107887,1.100715581597632,-0.10474944273556439,-0.6812984523122046,-0.22531226455174774,1.0515295257801949,-0.602345053559017,1.1247926792350498,-0.2912233492188971,-0.511239071421744,-0.5600098541280726,0.21468773544825126,0.05373154906090887,-0.3375525274685352,-0.10822452324509273,0.6046390470817967,0.6826600125735319,-0.409920301810497,-0.43051329505380714,-0.4892170404292371,0.9487319412727904,0.5265403667224544,0.9276055721658553,0.38786104307559605,0.7693680505086479,1.0595780417107887,-0.6195780417107911,-0.2177083087281122,-0.4777083087281098,-0.7398998832784406,-0.122455639111815,-0.01950142320338958,0.44977868000095794,0.9084105045521906,-0.08133933622039527,-0.987761353425423,-0.7102129671134634,0.30531790631774164,-0.855817752366313
-0.6603878768266395,0.1825002706268275,0.13233494174690594,-0.28956545502817976,-0.9216185734321019,-0.8839972260615456,0.4938023864213282,-0.6912614264168779,0.03891779521510162,-0.8961375097632471,-0.4959960383898269,-0.7767273404708926,-0.9703243089941709,-1.0011410194803603,0.4129203289712239,-0.4452639601730066,-0.7022629679174835,-0.6704604109432345,0.2228422686423266,0.3260646500651171,0.8713845641375608,0.6129203289712295,-0.09526396017300687,0.3332364139518672,-0.8502010443717998,0.4138262446595119,0.7743994730439903,-0.17467513983826213,-0.6370796710287705,-0.537969758586614,-0.20332346634927595,-0.1955064891121115,0.9297514946332365,-0.20086682161856778,-0.905534303329933,0.4229203289712239,-0.4551224887995856,-0.04949819963898964,-0.07819755309756993,-0.18661005218551235,-0.6237938785614675,-1.1263403168593846,0.5267948708169914,-0.1748832237864802,0.17447650403244963,-0.7284116434210305,-0.6996074027323794,0.3823315795927723,0.13525910598331836,-0.8173868845711142,-0.08261311542888057,0.9338624902367529,-0.4861375097632462,0.2709743427832796,0.1682409372793189,-0.8742934181536555,0.10913958075108277,-0.7273582579997434,0.20453710157526372,-0.9770319073918765,0.7986210083400904,0.42394208548351753,0.5722305353006943
0.6191000749652186,-0.6302384713780272,-0.4514904355385999,-1.08062802057891,0.6346902933499984,0.9637099751321498,0.59795960640088,0.19955968295636098,0.12209965877834832,0.8784214280574042,0.23377514544377925,-0.09348012320369307,-0.2725566438756828,-0.8061918492382966,-0.18630247833156374,0.8479618200662699,-0.6305988623363045,0.1408938845763754,-1.017660729666602,-0.058591631063661755,0.2877615503134517,0.7736975216684335,0.09796182006627184,-0.8142950421603091,0.92397483168298,-1.1523934908992064,-1.0241782923124023,-0.40017752953534313,1.0136975216684376,-0.5510745093844034,-0.5186849655815023,0.8846610164788701,-1.109748883039912,0.16479998262336068,0.931823905135165,0.8036975216684336,-0.9766844625473651,0.27334988113429426,-0.3855067228447491,0.744011334791043,0.3267620863227024,0.5242358092158954,0.7846772312747249,0.12465073741001076,0.7681852387101308,-0.6024762149466235,0.8304652488696841,-0.6842176232835905,-0.7512587400802572,-0.09946060743734637,-0.5905393925626442,-0.19157857194258668,-0.5415785719425957,0.2177599744006579,-0.4494227336999555,0.6644584352206192,-1.0553100183011543,-0.32488475399165995,0.6214965053403322,-0.06539370194657365,-0.08078350481923062,-0.8739232483604148,0.4095370541971277
-0.14799394472232383,0.8077727846364977,0.4147303575559054,-0.8928153400412306,1.1817210457319522,0.01800306440993051,0.8594263823767628,-0.8126434462320665,1.0731226253482593,0.41942270757095773,0.07130600974545098,0.6012143979196668,-0.001550869044326218,0.5271379819484595,-0.3735930299645193,0.2340722090807052,0.2125676536005695,0.649952754064538,-0.09334214499679983,0.9470602262802896,0.9983031988623177,-0.3935930299645182,1.034072209080726,-0.7614942685723161,0.4468438504801568,0.08671404107897268,-0.6309239649580424,0.4737258980492273,0.6964069700354787,0.2055658116449487,0.23297367565465904,0.02597892097147689,-1.0332056330566954,0.4163789289949675,0.12956795012581931,-0.05359302996452278,-0.9540444887448041,-0.5152919191064048,0.42004634153562154,0.09047481025242282,-0.11105647154522746,0.47574170681089206,0.4095519160650944,-0.5959716040127667,-0.019746092936018415,0.3244871777051594,-0.5114896943977131,-1.1342014175748558,0.5614481448919375,0.0405014997975381,1.1194985002024762,0.10942270757095401,0.9294227075709645,-1.0663440217878792,-0.5952540931919236,-0.14804650141980275,0.4430581579591416,0.22965608681099234,0.08236787626522846,0.42620432107507683,0.9041114777269156,-0.8477511521249033,0.7425058880780352
0.443269546177459,-0.3061892020933374,-0.4811562384842539,-0.9283994388711002,-0.9229838873200903,-0.4659423735369708,0.7199599966254525,1.0647128320232115,0.13514265399453804,0.11580293289167136,-0.06669969098337912,0.10473861116506554,1.206774073881652,-0.5653695691333166,0.1854958389718072,-0.11564035295406878,1.2406096339184514,0.4474292862632388,-0.042980090032830306,0.7684500707489869,-0.8059782784729549,-0.744504161028202,0.08435964704593225,-0.46426690938273296,0.19938201479619225,1.026797412343878,0.6912188366398259,-0.887411458819802,0.3454958389718092,0.432960309942992,0.26902671961323904,-0.8188228240998466,-0.5898038515302068,-0.7139352700000531,0.572549348846851,0.4754958389718108,-0.6681429768291146,0.26431833884973094,0.09441849915879243,0.3848595905789328,0.49594744687393666,0.3153573070710472,-0.3996974600014173,-0.6332154676745466,0.5042436513293581,-0.31629760039983823,0.6894025199442629,0.2511407458471606,0.658828422553818,0.9995195330499675,-0.839519533049964,0.8658029328916702,-0.2941970671083229,0.09526168116247065,0.6589416789824264,-0.026566672072552113,0.35232620386471447,0.2813081740316073,-0.6385091006269313,-0.7479179259023309,-0.09366796924183447,0.23890786473066108,0.7733130814145511
-0.5514062611358814,1.025077138289693,-0.5679240090223131,-0.07663942104890716,-0.2717501741605032,-0.18438227611637076,-0.15729932686024006,0.5882358822929918,0.6418242819726258,0.024024812579976948,0.792661821474732,-0.6129034315478836,0.6787277491457369,0.981120176494367,0.12567749511451015,-0.1856173308488987,-0.3141796358997987,0.3339380258266391,-0.48881730787208433,-0.19467236058038961,-0.6685617552902162,-0.48432250488548356,-0.8156173308488901,-0.4300139245275809,-0.8145834048021492,-0.1230856803997077,-0.884102535398037,0.5950574217332381,-0.4743225048854836,0.6087783884920064,-0.22824335930877193,0.2636803729344935,-0.8812551261555732,0.11224634324565451,0.030504094609757674,0.8456774951145073,-0.24698032195414485,-0.23110579545890664,0.3420720437566911,-0.3746223960333249,-0.3160353516856359,-0.22437275308442062,-0.3525269533652621,-0.07099930241788839,-0.12869096991196952,0.07482563066244838,-0.5674561595297591,-0.6578309032058601,0.603233796230009,-0.44996856618679026,1.0299685661867926,0.48402481257997687,-0.8659751874200174,-0.6224585868455983,-0.12487563818201124,0.2122862589667121,0.519946530250816,0.7537141471844493,-0.2166211821826714,-0.4974132324313594,0.8221440074351142,-0.05704809406125075,-0.27517250465921045
-0.3632615657097114,0.710726506922054,-0.5261292857388097,0.8015810528022088,0.7600377540546496,0.23695978791236555,-0.5338330125151193,0.7570004097058979,-0.8662535318156938,-0.044068009721513764,0.5300259194885886,0.26632534620807796,-0.2445206039242372,-0.9758710194273096,0.16507686302733005,-0.5643299851371281,0.1911164312852049,-0.19476516558853518,-0.8045610918871872,0.5010911831781683,-0.9101219939604949,-0.3649231369726678,0.19567001486287516,-0.9285409926661136,0.15951130012150244,0.15106565140429806,0.9191823585648095,-0.8974584700255205,-0.5949231369726667,0.847668400162341,0.5848272712890882,-0.7898375657742102,-0.2791451786705372,-0.49088382803977076,0.8277921575857828,-0.994923136972668,0.5697639440729854,-0.3978038873288667,-0.41689480820843,0.5161841853029022,-0.7548148876117206,-0.9693672946388777,0.09026130403405191,0.7271880655033934,0.289773724464174,-0.40421434816759333,-0.4444709266759194,0.6700006713815582,-0.2749375529537685,0.25218485071261654,0.2378151492873839,0.6159319902784836,-0.5340680097215162,-0.20805608235328393,0.9387703128405042,-0.13500647875194108,-0.6030093706852896,-0.5651795638678333,0.5890299071608732,0.4882068042832713,-0.3267254416990342,-1.0441054757772164,-0.13372201313616694
-0.621306972195461,0.22245488720832926,0.31132728177963287,-0.6741127871181918,0.48281348088002674,-0.04315069358723336,-0.8671464187953337,0.8431120022420597,0.5261821714126296,-1.0820754965269193,-0.06750907205512793,-0.36244207125176564,0.8197859163068985,-0.46619933386195334,-0.47421135538085013,0.5735055290355524,-1.2095395935870767,0.2195884502801889,-0.7429207125613245,-0.625936094653428,0.31105159895073164,-0.8842113553808629,-1.0264944709644415,0.09695739460495867,-0.11163489346798774,0.567323969329809,-1.1026596889762614,-0.24830423414299577,0.13578864461914888,-0.2747330339540613,0.05507202912956924,0.23458397760069039,0.19762581848438512,0.34579073244456393,0.8057812473760047,0.3757886446191505,0.5880719535073643,-0.07710570079664432,-0.6843409950398881,-0.9533438413928474,-0.27136967018162894,0.514972171534149,0.09832454755899553,0.8501827599709876,-0.4162407271891947,-0.20000258659297684,-1.007783197192271,-0.5339055731214662,0.5535875018905668,-0.15435209481808723,0.8243520948180902,-0.08207549652692338,-0.9820754965269268,0.6541626440692864,0.43521172251781326,0.39162690327252525,1.2474246829386164,-0.11297868831987401,-0.4425333163468661,-0.05718659853801269,0.7190091536562032,-0.4647236709889402,-0.9358611257186717
0.09874578674651481,0.6857179458490804,-0.6616701956041796,-0.44558120117473093,-0.2698789903902191,0.8685604120539517,-0.17322575352470407,-0.41151102739328704,-0.09120669667911534,0.6825906896542419,0.7731681291308791,-0.12924459182471568,0.18291979256989369,-0.5901425159304708,-0.6655652278664649,0.47284750379405815,-0.5369914859609043,-0.029084976732949595,0.22999780735927008,0.6147309742500148,-0.08014580499488355,-1.0055652278664609,0.6328475037940547,-0.1982630842021361,-1.0365867784565101,0.44357219727681796,0.8280631085804883,-0.04758453411475159,-0.4955652278664507,1.0125291688595677,-0.7086913712308726,0.2860947765490474,0.39282522121770663,-0.1691912891598907,-0.809912311989505,-0.26556522786645087,0.563424943270692,0.792702413956447,-0.07477008557411965,0.9196745730590089,0.07530841372664808,-0.44425239978427755,0.13485259651840234,1.0588677532204391,0.11608424572611581,-0.4808879133764486,-0.9088615171455835,-0.5651094106582054,-0.6497279806100357,-0.3510932030084328,0.6410932030084365,-0.03740931034575567,0.4425906896542462,0.4056185305516797,-0.49178371471473625,0.0014128033663019734,1.3258296701512515,0.586295385325713,-0.4195299110084046,-0.4412502071566003,0.06541585186328773,0.5269975669348093,-0.8603550813076289
0.6950173224824513,0.6132414101485327,-0.39249484114635286,0.1698393959137514,0.20666130466279528,-0.0832122439844382,0.007238940141959196,0.6244901511116142,-0.3053793597584304,-0.5793438126124203,-0.015386934320113212,0.5618512033118043,0.01738026751822244,0.23482738833573819,0.9279274325947701,0.14118335875841675,0.503565156509079,-0.027100887517393913,-1.0889849299222627,0.31758851774207625,0.9506067165990705,-0.2620725674052346,0.36118335875841306,-0.5828562145788883,0.26838856104859693,-1.1940512305031374,0.5526668794620213,0.5435329933389332,-0.7820725674052299,0.5135795109657504,0.19634979873798558,-0.6053097854947277,-0.513208632599297,0.4167704760505856,-0.09766163412812155,0.28792743259476566,0.8451402370507254,0.05616753606495073,0.12020739716536545,-0.5656083762689682,0.7815453960343929,0.738611355058883,-0.14916359828372935,-0.3416151887576255,0.29087762933642597,-0.5973464583296478,0.3514893043983303,0.678636426912887,1.0435156857205894,0.3873991202331141,-0.3473991202331142,-0.029343812612427682,-0.6593438126124206,0.0024320997214914656,0.5978472802793325,0.24781986782848064,-0.3612472411740864,0.33719828844085137,0.7844374892081413,-0.5670006530757113,0.5738258141462373,-0.4361876960466213,-0.6409783211793166
0.5166008708281135,-0.490684956760529,0.14803056559483257,-0.6590433578474448,0.4038706186919701,1.2136911688565521,-0.3392540476446621,-0.9636033606360548,0.22421851541753746,0.7264086338621119,-0.5239608775729789,-0.6553654475117838,0.8422389344434738,0.7590946964688587,-0.6959977105448087,-0.6933871346737179,0.6351691533045036,0.1555045216107384,-0.2740615219820905,-1.0138370094842502,-0.9821033439924636,-0.5759977105448086,-0.003387134673715681,-1.1405506628544788,0.31993722113650996,0.06122341851941113,-0.4736158028939789,0.7024193734709439,1.0040022894551857,-0.10930828987558056,-0.7300129165005385,-0.2476292118718257,-0.33433420921790385,0.2459206167968167,0.6816434732225376,0.9640022894551912,-0.4037566461088122,-0.35643514684276006,0.5255634077880829,-1.0437209744313956,0.19579347908063427,0.8826405800612336,-0.557237191102417,-0.10530727400191359,-0.8738312692794719,-0.8165454416908411,-1.1770849430306818,0.19703295963824696,0.1266571754499232,0.775157158806326,0.3248428411936654,0.1664086338621158,0.6964086338621118,-0.44630553854924976,-0.09595100539654111,-0.3537618136487573,0.6464712625345947,-1.1410544681956307,0.4377849222484455,0.4299287237355635,0.8110385959996715,0.18356730076783803,-0.6170465112531571
-0.28699607697051016,-0.7615511220776119,-0.7705242804378667,-0.10955653201192696,0.8793296262364101,-0.19127089263220115,0.5254479393796215,-0.8833749103861761,-0.5144024883099602,0.7672202887309546,1.1861438434049592,-0.8715373669092495,-0.842546358561968,-0.5917773419457281,0.038623479157256786,0.5135991221466196,0.7295440745623791,-0.7349375980666601,-0.06813013655776383,-0.3139258672469189,0.9866733592092681,0.2286234791572586,-0.3664008778533803,-0.2078209351497186,-0.01347764222347445,0.18093672049049236,0.7547936804164823,-0.6543299167608648,0.9886234791572395,-0.14317926988494412,-0.20258755124104622,-0.7621270787940655,-0.287710713031655,0.3940043921721866,0.5887831573148578,-0.4213765208427413,0.0825226768206274,0.5731275717658056,-0.7902309821285619,-0.37142747334129095,-0.3750023125729121,0.8643896309025406,0.3109472649886793,0.6012430220889737,0.3247916054772297,-0.21065334941567476,0.8377313641876432,0.9126739015956663,0.8389971450406926,0.8789488754452517,0.5610511245547518,-0.4027797112690343,0.9672202887309546,0.17177533383806082,-0.28925929046668303,-0.7420851810254051,-1.2456438390427735,-0.7226275674035979,0.4983295635842501,0.28636135277750857,-0.6346101951261689,-0.6512011819803022,-0.547368226321448
-0.08666417488314578,-0.671355615964241,0.8387579667140183,-0.048995443302478014,-0.6303717447278802,0.12445859593107247,-0.33402026229058757,-0.4053779174897938,-0.19804189303862,-0.639552870760599,-0.8281018627171749,-0.3887460329072102,-0.026158716282374126,0.05410278629097241,0.4074193176255274,0.019160871846058823,0.4201006991169247,0.443051405258696,0.7473478238990423,-0.34758406827559185,-0.3896208177236821,0.8074193176255242,-0.02083912815394142,-0.9828317202833449,-0.6637579921023803,-0.18363855813673355,0.2674141967298466,-0.07545002898413176,0.2974193176255254,0.15470205454023042,0.2831661970901315,-0.73252872305519,0.1951842658150745,1.0333600228472721,-0.4917422852240563,-0.222580682374477,-0.729388120110516,-0.15789151223905265,-0.02513598247009376,0.08741704667985557,0.7238669397678169,-0.5504517639786921,-0.822927112496958,0.27285240587893755,0.32492821984238307,-0.7503803390765277,0.31882570182178827,-0.7157866301097009,-0.45996724784616905,-1.0457243476123035,-0.054275652387718254,0.5404471292394035,0.35044712923940946,0.6551385703204984,0.43175411865581204,0.18137030267369442,0.16030574255730487,-0.8999046079208171,1.0707267691990263,-0.37048706034332873,0.4468292872196,0.0939408014894962,0.5765131946943023
1.1285928736400936,0.4473715380204083,0.6810178220503638,-0.35427003140595403,-0.03855418123429796,-0.23056763862977603,-0.20493411728202823,-0.00836671429251075,-0.16474176408775845,0.6365263687219336,0.7450364223884403,-0.8965895394122125,0.18203271498946202,-0.4430623908438074,0.3534055649652199,0.20348595665450878,0.5212639462086923,-0.3728170632324667,0.31048700505161075,-0.9188752065643031,-0.8214268076034474,-0.04659443503477739,0.1334859566545097,0.2452407461153851,0.45098602020295314,-0.8316433457504624,0.7005986717662922,0.07698617390292262,0.3034055649652199,0.6183807011315694,-0.46559429373924693,-0.2604062314776189,-0.06855011607485785,-0.68709589997486,-0.7005816768691648,0.6434055649652235,-0.6180039896789871,0.2843592866005802,0.40994012684703157,0.5131379509809217,-0.29036515289779996,0.7164600522335194,-0.8918568575480177,0.14763095370986348,-0.5715751598705476,0.6096461757491141,-0.6805356983119335,0.4448972696154479,0.5533107698833113,0.7463708631942512,-0.8163708631942512,-0.4334736312780733,-0.9434736312780665,-0.06225229565841062,0.16146794741540096,-0.7329522394253329,-0.23479554410094236,-0.89411840831309,1.0856162467641273,0.39270278043328816,1.0645767852055164,-0.2166560096770371,0.7640494367678055
0.31690491346361815,0.6575990525049745,-0.31909826329203117,1.0481378672961181,-0.814851031485156,0.13437329971878867,0.22860734679790878,0.8162737588228596,-1.1334511654546822,-0.5284039089276622,0.7869465556097638,0.12330543660966749,0.10162381612325139,0.9288697378547555,0.5405953476550841,0.6422272457130946,0.5285410005388718,-0.5582890083194377,0.46836610365108555,0.32342303316673415,0.25852864726297287,-0.4394046523449122,-0.007772754286904489,0.31897983513231,0.7471808319492649,-0.012729510405019268,0.4234425023248125,-0.6413026205078138,0.2905953476550882,0.8982214332687118,-0.09318767246807036,-0.5835173504027323,-0.4605474991113381,-0.2813991150056261,0.21048390628915575,0.1505953476550853,1.067577710250532,0.6768279568682828,-0.2648136126199493,0.6275220959096404,-0.5812265022958415,-0.671283151349731,-1.1024597428783862,0.4300981771222162,-0.31897944922752985,-0.4596735882688868,-0.6670553263637777,0.9418285882376252,-0.544526443270489,0.27321866828939867,-0.6632186682893928,-0.7984039089276628,0.7215960910723372,-1.019098047969028,0.6424328557728295,-0.7826521642886497,0.7328309183009202,0.7329495170424026,-0.8672713211976364,-0.20817653943217676,0.730804555938602,-0.3321031778381719,-0.06359570023564266
0.2372975593963242,0.7956102987185215,0.31229372633899877,1.1362368750786533,0.26549903624621096,0.05897577993040009,0.10417693348230553,-0.4555121060944357,0.4238990632003883,0.5652551383647092,-0.5333414086109192,-0.12001591973651879,0.36703026610990375,0.14962043428455796,0.7303221532504897,0.8780648038554594,0.18787008517244208,0.05877258648012714,-0.679402462768845,-0.27453527176561443,0.1691200133814329,0.230322153250483,0.4680648038554706,0.38201326092231935,0.044907863059101084,0.10728431902354987,-0.8294370869948634,0.3433978062839387,-0.10967784674951858,0.5924252356340346,0.4800314709469392,0.6710013743143072,0.4834903355297434,0.672480736607569,0.01409492948923089,-0.7696778467495103,0.8894682568798314,-1.099593485874195,-0.23921206827109848,-0.3612807465520028,-0.0531318187412374,-0.3515040089453104,-0.43706289994178704,-0.07360271425013792,0.3431944763058018,-0.10511826301640159,0.03343606672178456,0.5242532344510304,0.861734960189159,-0.9328971592867005,-0.46710284071329444,-0.4047448616352879,-0.03474486163528874,-0.823057600957494,-0.15113954645247324,0.5699341992554535,0.8207616744795946,-0.1829862482570992,0.42250331620867276,-0.17858744248286512,0.19226172579268758,0.20016964308510193,-1.1441664388881738
0.6363683383183593,-0.5094921635287123,-0.6548154420431186,-1.0090514789805198,0.042855166387604476,-0.4345683487243018,-0.40927461482775634,-0.9097084653293129,-0.45464967713413634,0.8439159198047302,-0.5760270812620422,-0.6056886039822772,-0.4574019596759878,-0.7464412048312877,-0.7743508659158437,-1.050007276547604,0.7908569491758296,0.9574273655798512,0.04496810851259535,-0.3717829366650505,-0.1859554119883602,0.035649134084160386,-0.07000727654759621,-0.8026651487467605,-0.7321534141260247,-1.023060624959757,-0.4791420926968108,-0.8510268589478488,1.175649134084168,0.6164257688823144,-0.9975074772639781,0.541056031805259,-0.022681049062800045,-0.42794951304162926,0.7447215907680799,1.05564913408416,-0.9299502776143699,0.20603657309504775,-0.894324744619169,-0.5298239287520417,0.5682740622681713,-0.7083860149796043,0.42259016345525996,0.12544619224337722,0.03771276729473465,-0.16642673085818505,-0.7839667113366403,-0.43866696710292424,0.5409856173827442,-0.06276743595820344,0.8327674359582137,-0.5060840801952654,0.49391591980473565,0.2597764216518173,0.27024898425204674,0.5108214589168968,-0.2673715102384075,-0.7094351645954887,-0.4405142985129142,-0.32815394195367414,-1.0988348198815452,-0.4988124933212852,0.7190699226988461
0.9436980435062696,-0.24478520150878202,-0.6283791371271599,-0.8273106647002766,-0.8185927419187891,-0.16552862055195125,0.6744612451911147,0.5682667139479662,-0.653770573842622,0.8845036439807257,-0.7702664513892854,0.012439010014660669,0.17422593005280243,1.2344639284706944,-0.09543883343368822,-0.43006502646097783,0.8411970574421412,-0.16902449881675244,0.9988513905541322,0.9947775992453889,-0.4461600634855066,0.5045611665663111,0.3399349735390194,0.21076874143340837,1.0712254512649768,-0.1571666246005299,0.6338763517883308,0.8816110996169186,0.864561166566318,-0.1372538857232994,-0.5820135247155338,-0.23365539576919492,0.5389134480158795,0.6959134807564098,-0.6037326158897462,0.2145611665663101,0.45516487816902523,-0.2502080857795359,-0.35561722928018774,-0.35869133079458154,0.1400075038753887,-0.25929014784014554,0.7212545800277335,0.8547975925607898,-0.22707147661397045,-0.38858823159892536,-0.5339660967288846,-0.036685909586025,0.8305333499759218,0.12496012740938112,0.6550398725906168,0.3645036439807206,0.05450364398072283,0.5329868889957697,-0.9277854577597147,0.6318724421735085,0.6305030687309527,-0.06955529687877877,0.491894818137507,-0.14132217351085133,0.2087894382524306,0.42942732881338735,-0.3741863844632191
-0.45638679552709643,0.5948509765935257,0.5006430004092011,0.05748377553835426,0.08364951523203192,-0.8532136313897021,0.49841425829158514,0.1153999035158063,-0.9101427799322082,0.5511816333513435,0.001415595003781441,-0.7486821188193409,-1.0404039249897574,0.17806715279166968,-0.09413781072484133,-0.30060506569156276,0.5607884143935539,-0.18805493820912095,-0.3284289682382015,-0.48430945188470303,-0.5519750914556665,-0.2141378107248395,-0.04060506569156216,-0.7094812228812115,0.6047587501690022,0.6903825292894723,0.3159823555417622,-0.25019323068400695,-0.7141378107248442,0.8986038175798161,0.1426395183340073,0.4185308272648331,0.6353304427113438,1.0600507605381326,0.1253451453618507,0.4158621892751557,0.32962889596088457,-0.4851196196707366,-0.6278976450682248,-0.5338818475501228,-0.644075490232259,0.6000985767424643,-0.9845310296826306,-0.32186867166349303,0.32647907590523834,0.5752413037846387,-0.5000394136358167,0.10631772872552593,0.24763168958654888,0.6550066845580231,0.6649933154419769,-0.5588183666486559,-0.5588183666486559,-0.7800561387692684,0.4015972755703963,1.009547426040282,0.8585497235714474,-0.7149150617540334,0.615151915173149,0.7963406666578772,-0.7283295952858015,0.8325114154987818,0.13087055230093733
-0.39926516695867154,0.7095045080686645,-0.5232392942918519,-0.7423923348685629,0.7978875895282408,0.9339416505823611,0.34794002946974834,-0.5386376358310249,0.0584688650409586,0.2116954124411911,-0.017085387784935045,1.2667329977619983,0.3752391109032668,1.1992769213459653,0.9187633478963776,0.2710678813135524,1.0351837012799188,0.6044639086971318,0.3409814395973737,-0.03935501654261283,1.1761085381056526,0.12876334789637484,0.24106788131355655,0.6527531855787431,0.9419559626846638,-1.2122843997420663,-0.6189013765738675,0.14700159980641825,-0.2212366521036283,0.4088856066918657,-0.3820560079111277,0.6649554305622892,0.683024517614261,-0.7350509792107031,1.0866394912819697,-0.2812366521036318,-0.5977129189125716,-0.15373075983531187,-0.1456942622592573,-1.1449610848079912,-0.19813581676873754,-0.6725447602248319,0.06225163673511395,-0.24375076090578474,0.9195711094642479,-0.11919856556307876,-0.645171239944314,0.8383758943925202,-0.49040317305558373,1.0048506530077153,-0.03485065300771043,0.4116954124411897,-0.46830458755881055,0.9229257374138699,0.016777282186535687,0.7435572951701536,0.10407833579215485,-0.7092762921574679,0.5157102767243363,-0.269402587779189,0.910452626132901,0.016211279340039332,0.44708818348551693
-0.0763327568063934,-1.1004753137715932,-0.704516397347118,0.6014113853394691,-0.19327072401133538,0.7227994371477926,0.7275146842097235,-0.4662390794409605,0.6692261185968726,-0.8932053008181802,-0.7192668152115225,0.5660063772948165,-0.256193675623408,0.13998655220600556,0.0362860173395021,0.3967010218163965,0.3216351986582993,0.34510436342500855,0.6675627213661208,0.8998691744192684,0.18081185296463392,0.6762860173394962,0.35670102181639646,0.6559577069199236,0.38048214306011124,0.826746028806927,0.30742426762348257,-1.1445525074579008,-0.3337139826604913,0.09304196660148623,-0.0860482825052587,-0.9076851616768382,0.48966574730134377,0.08470435641060793,-0.6369920967685725,0.9462860173394962,0.8006395074230552,0.27921157526749935,0.20781273930993788,0.04506901830230112,-0.816192339974074,-0.25699741425369177,0.32112651681597676,-0.8703828930718165,-0.2675411343319864,-0.24339857736678994,0.3649977587093966,0.6789671605494558,0.08565235244110264,-0.8813985799645105,-0.4686014200355037,-0.5932053008181801,-0.47320530081816853,-0.9790627438529806,-0.012026568345430446,0.9525633827200033,0.45194156231407573,-0.9865368281649416,0.9485580778903304,-0.057414634795063715,-0.18398081515106274,-0.9463365524829983,0.8215911187844032
-0.8366750851114167,0.8276227103619352,0.2889697279738756,1.0891617304918348,-0.09503012767798194,-0.5391866929624575,0.8661624272692588,-0.26522411448072886,0.24472319085741973,-0.24672787799453494,-0.15283485932322727,0.2691236571805888,0.8300286762005279,-0.4291660463138343,0.37767792500191083,0.8918211513747826,0.7325146273019331,-0.9262258294445666,-0.8386716008963925,-0.5401199730425291,0.2392626879601484,-0.2623220749980894,-0.18817884862521977,-0.6012144696366224,-0.299202786705321,-0.737066004811738,0.12496220662465954,-0.3283512211386958,-0.31232207499808945,-0.01752508303728569,-0.24298545362873225,-1.015912394609431,0.8857956537893641,0.8680093662557397,-0.04215587547332038,1.0276779250019143,-1.0042858299539006,0.03666180995787595,0.7928651728574391,-0.4190403945687749,0.7037730456287808,-0.9732690414715185,-0.2930795697016277,-0.74662159079988,0.5594776572510102,0.03517986177765518,-0.27224591514314384,-0.29546945966768784,0.4585051932566155,0.20401839081573342,-0.15401839081573365,-0.8467278779945316,-1.1867278779945463,0.33897432653211407,0.6148285202238449,-0.5988302343134442,0.4610123983143429,-0.9784842709667559,-0.16442236707411706,-0.5011437728092667,-0.3626987946799635,0.48809842075684523,-0.018148642735319943
-0.07478553253359746,-0.5262351511326027,0.7178218523897915,-0.3381813087122314,0.06578872562451561,1.1543789609840291,-0.2651963971324231,0.5864389656301069,-1.1450926278046538,-0.7531553440711259,-0.8835030835406448,0.2914203402741507,-0.14736286144148747,-0.36124441467005286,-1.184273819939724,-1.0243798422348176,-0.7018857941574872,-0.5001969491090004,-0.9159270299190401,-0.2941539424270637,-0.6368629633834916,0.6057261800602742,-0.9343798422348263,0.2250711566935075,0.5330592156831064,-0.5395045276517755,-1.1384471923476982,0.455530658375634,-1.0642738199397241,0.9326875265330846,-0.3190754907997469,0.9017487744081919,0.5038742453981212,0.108577115538218,0.5997759004033556,0.4357261800602762,0.46527241829565746,-0.4356663864662431,-0.6317739354536215,-1.0771160050652815,0.9854983181034269,-0.7987625915449988,0.38699572997391285,0.2893819751588477,-0.7895424225465123,-0.5980928039475023,-1.368749398371292,0.6742287681897869,-0.04559341346985903,0.18770851554374213,-0.4777085155437404,-1.233155344071135,-0.2731553440711304,-0.10170572547211691,-0.6358540850783719,-0.3144890985118956,-0.14874619352772575,-0.20658289060212037,-0.5631767459661379,-0.09873955923358584,0.19603022985864932,1.1650298198704383,-0.054588564652864276
-0.6245002492144501,0.30617917511907217,0.7624020374711874,-0.6870086247699808,-0.6428349263062265,0.5679796752136662,0.3777669351855584,-0.5194279971448562,-1.050491449091592,0.08739487167232776,0.5103182727864957,-0.2287870070636759,0.3554983945539041,-0.7823739719746841,0.1877579341608113,-0.5176773803972605,-0.2747236126698875,0.7562548783927,0.41682462184193914,0.29439091679461105,-1.0685622883875527,0.39775793416081634,-0.15767738039726278,0.04886048292928821,-0.5702226212614697,0.45504236166529954,-0.7730278030789667,1.028423337337751,-1.102242065839197,-0.11866064911476251,0.6452280138450853,-0.33371684296826487,-0.6847851411874547,0.0020319402662638446,-0.3987548903496828,-0.9322420658391773,-0.07475397928309416,-0.25636610595698384,0.9364692821614672,-0.5156866816234588,0.23731431790878035,0.5110046174641845,-0.9943605501813971,-0.40273654939650394,-0.39660017391772023,-0.8472795982512548,0.2973027974392478,1.109432802251,0.32931922727024543,0.8084535185129275,-0.6584535185129263,-0.642605128327666,0.5473948716723339,-0.3632845526612049,0.5850378256078177,0.6247658136081425,0.4124181974897568,0.6291025762332363,-0.2506019174065277,-0.09354181980993459,-0.1745048887634964,-0.49609296879446657,0.8894878760314348
-0.8244160795506612,-0.3439635107743172,0.3283537962131353,0.21958525766845322,-0.09161881323410151,0.6229267143166497,-0.9199088590242859,-0.7452898738880023,0.35472096887700555,0.06151627366826093,0.8363021276139984,-0.09017348735333937,-0.705778261635837,-0.7525059304568213,-0.2529589730165654,0.5023900680055836,-0.6966615939927685,0.2727902342534109,-0.6571991517888722,0.10729932473350126,-0.369973288245409,-0.0829589730165686,0.22239006800558664,0.22784119593277471,0.2704523031796597,-0.14046904304562402,0.6572169674312915,-0.9221567761890455,0.9870410269834314,0.23021173968007705,-0.8127339313314648,0.3693882837457038,-0.8638927526146731,-0.9430569056083522,-0.5600607708104135,-0.19295897301656612,-0.32282407804867636,0.7928722433469328,0.4277948200490464,-0.7566751878767233,-0.9379148213207591,-0.6222391334912398,0.5488631593224063,-0.17244494236560703,-0.03550641084101836,0.13404102038263954,0.4994076524750423,-0.30973695365974324,-0.7481511559064371,0.816532258450986,0.40346774154900195,0.7815162736682433,-0.528483726331757,0.5510637048918994,-0.2740517322743186,-0.05599012709790939,0.26739245890435426,0.9008223431714377,-0.7858631527216091,0.6492363778462711,0.7392227839623164,-0.3480704828028612,-0.13839956515980834
0.4650416170035686,0.5638334606774217,0.0013009664689018696,0.2244479180500498,-0.5232844161694016,0.5478328809042227,-0.9291518907351091,-0.4665550393860928,-0.3769033979630948,-0.9031442542765923,0.4002293813991783,-0.036874494765218285,-0.20026028854520467,-0.7263421107225924,0.09808916053775465,-0.0015475978869424732,-0.4698273437538545,0.7431822303878207,0.9318507441644048,-0.15305945260319065,0.6117608772811183,-0.3219108394622464,-0.4115475978869406,0.7129305318930761,-0.6154433297531732,1.0966607723816915,0.11255527682245761,-0.6590026985572419,0.25808916053775,0.5692356157067352,0.06066990356407153,-0.13530985113559446,-0.5448445716052279,-0.522389877644963,-0.15074063356706954,0.4780891605377564,0.8218260377888337,-0.8457958815600666,0.19932709883993885,0.24299596211377691,0.9903141830725964,0.6166120308684089,-0.46859392893950147,0.0629526274831684,-0.5159108349911953,-0.26470267866505864,0.3400121945554363,0.8769972725498473,-0.3549222121961374,0.7667618711366696,-0.35676187113665403,-0.10314425427659968,-0.9631442542765922,-0.6519360979504477,0.3048580397930716,0.6838601723547824,0.8711818333939474,0.3572070963532062,0.6713857681422999,0.6326394327280378,-0.66453726140433,0.011121714906598218,-0.32978260807719495
0.5689249946029562,0.551027059930271,-0.03441186360578414,0.3250789331736396,0.8244971773094842,0.85676096957685,0.647928745952768,-0.3443193936740134,0.7681222672927088,0.3345784948027198,0.6010744491696899,-0.9717464773122322,0.8679927484167309,-0.7414027066789308,0.6059799905389834,0.657822883079702,-0.2849472845764817,0.1542752564339199,0.5310470667627764,-0.8857203331829311,-0.12744381725949439,0.9259799905389834,0.867822883079702,0.46304298165361,0.16001247083716721,0.5993679537685692,-0.9918726795771206,0.09249335165079116,0.7859799905389834,-1.0294224951751587,-0.9471941146920082,0.8194585580032643,-0.1756658283468751,-0.8932806594836434,0.32437555217811037,0.33597999053899236,0.08431883744666004,0.9372123423471438,-0.007768027677627993,0.6793144076744586,-0.6392243788159631,-0.9336589947433982,0.5164542111597845,0.8076315903373994,0.9163385362979544,-0.4457635290293626,0.2536641298565071,-0.869698599436761,0.17303040336130407,0.5861548269467746,0.593845173053225,0.8145784948027225,0.9445784948027225,0.6324764294754076,-0.14020842462475117,0.004987850919378719,-1.0663390925253022,0.6275230142972391,0.45528930840856413,-0.31629797740091653,0.5579637148500037,-0.9264442480705324,-0.33599953765188223
0.42671325793461024,-0.6610162484430697,0.33089503866233394,0.06469585567382505,0.45296217853760845,0.3334745926638565,0.045198776482812016,-1.0494707209783452,-0.7794327573356012,0.6411393462856214,-0.20548794427262565,-0.06413046022183558,0.8051315771885681,-0.854105235527939,-0.6262268035125504,0.9273233251985804,-0.9157280374004939,0.5861096329060353,0.3474931555039532,0.8766701151578291,0.14461326180451026,0.6437731964874538,-0.7926766748014196,0.6914981269229532,0.5118619892993433,-0.5132320665695873,0.5821529103783862,-0.9518720499039899,0.5537731964874537,0.19220751394161803,-0.08404286813907448,-0.6677317588037885,0.907262761917838,-0.8942194998387387,-0.53236702337298,-0.38622680351255123,0.8106960346403385,-0.0693311613832421,-0.5215932153353326,-0.1170606677609043,-0.409957175400419,0.6736107453165674,-0.06309418719866933,0.2814551548931328,0.6627120697739028,0.5604415761515671,0.24616086731074682,-0.5630897917142976,-0.5522541218816135,0.8936618953355202,0.2963381046644723,-0.7188606537143787,-0.528860653714379,-0.9411311473367143,0.6223723574313178,0.0767656648587046,0.19851324388807803,0.8223564609986884,0.8564258075345481,-0.525690359641888,-0.6470229900022961,0.5113165332334019,-0.5916876615205391
0.8587652536913536,-0.3946392097043624,-0.2184428065322303,1.0899874582606959,0.7819511635522743,-0.6678421462485132,-0.0731396392168019,0.4681583198049074,-0.6601840143465506,0.09138741193400644,0.5440171113602977,-0.41300982562893385,-0.12593348094205248,0.6074301107056238,-0.6940200403620965,-0.32800565417954997,-0.5359437122428222,-0.8930490020258327,0.8935651303892927,0.05078340704934709,0.42752385192162834,0.10597995963790545,-0.9080056541795517,-0.09333802411301609,0.15538086817124064,-0.7289407865500844,0.13777474362723635,-0.9004911344128411,0.005979959637905595,-0.8661932148852086,-0.09452187332250088,-0.3461390730873499,0.8763792390002544,0.1587723513940431,0.26118013364354564,0.20597995963790483,-0.07537595475324486,-0.9441644855079864,1.0115807042852833,0.5324310510963058,-0.2365868935243438,-0.5434997978349477,0.28864883546109243,0.8567577598210482,-0.2970265278019931,-0.4036220644062858,0.08462984835972846,0.08074423065246993,-0.9198072722552005,-0.06917280437191216,-0.6308271956280832,-0.36861258806598485,0.5213874119339971,0.6547918753297063,-0.6837743582975876,0.13070972547197982,0.3198088928536563,-0.842009510278057,0.08095318858311047,-0.9790779509177358,-0.5007031875786143,-0.2646084419375655,-0.6887083607731027
-0.2691067321019157,-0.853316081836329,0.4798667519658172,0.6516401991304797,-0.6195592418862017,-0.5851718193773165,-0.3709463815789791,0.4250370478521837,-0.48158819714799483,-0.5237238053088485,0.5833797602613127,-1.062998097113607,0.11724988736076229,-0.3797113068156849,-0.08868356403286602,-0.6778675852629492,-0.6208445157911384,-0.658773821061164,-0.5635416169845868,-1.1042762215831898,-0.03560558493986785,0.11131643596713399,-0.7178675852629492,0.36225412593050343,0.6049581677255833,-0.7284715822647345,-1.0936964130878284,-1.1536272314085236,0.5113164359671309,-0.05383461782112177,0.1884093155994816,-0.8620653687417417,-0.2810715094432145,-0.15565057930786563,-0.9387937756708045,-0.28868356403287154,-0.8507640196927917,0.02026827963047006,0.05310860391735644,0.3760589298960628,-0.9371726560130258,-0.06304742291318276,0.7441957254848361,0.47990014996168906,-1.2564029749435845,0.45780637479081815,-1.1501525666548167,0.4699480544692645,-1.0727262954221497,0.5479163373698859,0.4720836626301059,-0.553723805308842,0.6362761946911564,-0.8695144555744392,-0.7120094781259534,0.4826873103145943,-0.8693239968970186,0.0637874837338357,0.8193143356914829,0.7061604817155069,-0.6369360725972915,0.0024841624671885646,-1.0742097290271055
-0.37822923916235157,-0.36618935298762434,-0.7805271734421476,-0.14208371858619978,-0.30741484232501437,-0.3259415636236973,-0.4503963045445633,0.24410196301329834,-0.7879879834419315,-0.07354268365233656,0.6279104730797215,-0.3528674991909232,-0.647349157833447,0.3422105402422226,-1.2380121346006505,-0.19587388582798437,0.18113669060924986,-0.3060937167204554,0.6333647470767158,-0.35110981995575336,0.034135617154358006,-0.12801213460065103,0.3241261141720166,-0.5606404931553755,-0.8506181674419774,-0.06131567761678625,0.06316554445859415,0.17890858739543025,0.24198786539935258,0.9098856798983651,-0.03726884502004444,-0.6624872697049805,1.1543639023260996,-0.6110585998458032,0.4378121059614143,-1.218012134600651,-0.01442072909593008,0.6568730815939404,-0.3562212946883319,-0.07108703223133186,0.630343336776303,0.9731839518097811,-0.9433327603390692,0.3572107273458309,0.5754548216587146,-0.6365850645160175,0.8438994638731777,0.415663962514715,0.24881499141594773,-0.8412186627251216,-0.6887813372748796,-0.1135426836523371,-0.40354268365233437,0.17441743017293543,-0.9078603047268323,0.8406377181311177,-0.635773587741349,0.9552638037444322,-0.13809430974557035,-0.9043152291194524,0.2334610480399662,-0.3769212705882284,-0.650460337028732
-0.2612339782078929,-0.856038571095636,-0.12205813502161095,0.8769962083560138,-0.39553930103002083,0.8560306756761747,0.8757101550429641,-0.20867440506238005,0.29129566402922963,-0.07001503637735215,-0.6986010437167489,-0.7623889254090914,0.22272788184691766,0.10271233308781294,-0.4648041315102852,-0.33257460952286594,-0.7360466955978754,0.39505672647203566,0.9314525208161406,-0.07405028800480185,0.5913662469047853,-0.5348041315102814,-0.4125746095228659,0.6610146559820647,1.08510019039381,0.2733885450138081,0.8246478861228849,0.004903583152808858,-0.7748041315102814,0.8441230458528527,-0.07538838636136663,-0.9698633581341335,-0.7980441278795933,0.24003079388854265,1.0934890161666346,-0.8748041315102814,0.6888393831377365,-0.00113194018818936,-0.5999893769548312,0.4440634669240617,-0.4226362953442007,-0.9063982427194979,0.5391642092691895,0.5919573074562472,1.0473204529818536,-0.6978749541304069,0.4343497728734858,0.06339536387632616,0.885334587684256,0.8052939357170991,0.604706064282901,-0.820015036377346,0.5399849636226542,0.18478955651039564,0.38299505180855337,-0.058920745596185375,0.41284452509352015,-0.5346245784350396,0.8539066133509363,-0.8532328690626485,0.14687729345929101,-1.0585200800357806,0.6944231385479238
-0.5169764933099783,1.030486852881064,0.06247201454499375,-0.18593636631194613,-0.812940578706356,0.6742196171959053,-0.7725455324049293,0.7418221877981837,-0.3614882875958227,0.48612409642889776,0.6546396342895497,-0.22796563765647485,-1.1528288270467615,-0.4601087425250677,0.3330084848816265,0.8273254153207447,-0.852638239210118,-0.01068776415679843,0.708554671013895,-0.892725341634109,-0.432186071119308,0.20300848488162598,-0.9526745846792554,0.2952967062169931,0.28842590663506773,0.3193864403023665,0.029584320227491284,-0.5536558358020468,0.26300848488162526,0.4325100203350767,-0.6489627253254822,-0.25836997700363407,-0.5674541974733095,-0.6432482551974918,0.06041440398391541,-0.6869915151183785,0.9258409531813904,-0.4193027208206757,-0.6709107583306055,0.8581606253703637,-0.10420980377346219,-0.7413461739404388,-1.0857538507573916,-0.615757474708844,-0.34739689465191154,0.585139759157043,-0.4852675164734249,0.04455253186555834,-9.484067583247232E-4,1.1030598521591592,0.816940147840838,0.856124096428904,0.0861240964288992,-0.7513392497621433,0.47782265855858885,-0.8688265787388172,0.0950600356314877,-0.6609976092582828,-0.3063774235180226,-1.0993056662769887,0.17149319830349155,-0.7584154068804361,-0.980006347808126
-0.12774426589588764,-0.08037323739127251,-0.6620549393294163,0.00775195436433565,-0.25286824613642267,0.22044362477671164,0.035088754936444345,-0.8465113858068568,0.16528428802175452,0.447883057732063,0.1276016566854562,-0.2529332248327378,0.9230697759292893,0.8197874300755378,0.9921227245718632,-0.17334982235696483,0.6377871931858113,-0.1531187613330975,0.1931944540897806,-0.46060844343622603,0.8546856165684199,-0.06787727542814241,0.9566501776430459,0.03243674075552547,0.7964577639528306,-0.5467469766796845,-0.4586408368776406,0.12977551969984027,0.4821227245718585,0.014609146600386438,-0.24522236875434886,0.19668492097850698,-0.9110166942037855,0.4221759257574533,-0.5911371074814932,1.0521227245718578,-0.5536312234035711,-0.5398996476356831,-1.0330505336053546,-0.15252861913105548,-0.17088984448283134,0.9617431262584378,0.8520268600256146,0.08887474152175147,0.46801333354857516,-0.35935769495603914,-0.493708419683939,-0.17079397993658418,-0.3954102479778419,0.5533927496468943,-0.013392749646890204,0.5078830577320711,-0.6721169422679397,0.6505120292274461,0.14943898536874456,0.06321025238756743,-0.6881559427589993,-0.9206546384378756,-0.12054644049771078,0.49149112505166886,0.011175312734793452,-0.4213462751016039,0.3953550172192449
-0.194666045252419,-0.4095289996515304,-0.5366037926562004,-0.3184656533603935,0.6625855406774508,-0.6955868069019844,-0.7052449880725999,0.4714999612024772,-0.7986847341117076,0.5128102429833207,0.6919304380969962,-0.09635612089065979,-0.0946076815943808,0.3006449617661339,-0.2438290094376751,-0.8033557634715662,-0.7792314369110804,0.504805754117419,-0.5476763119000476,0.5408748207788827,-0.14349435067419833,0.0061709905623244295,0.7766442365284336,0.18516857684836782,-0.3053542414193113,-1.0056650592776621,0.35258532721495167,-0.2303771526081314,0.3961709905623275,0.4285660678599637,0.6507442994240771,0.14275061386735147,-0.23396339908555897,-0.7228383280140902,0.013004822726504764,0.5161709905623246,-0.7142355683578907,-0.8761143048764874,0.47442443542332563,0.24902274072439962,-0.6400049841074411,0.7613333538279319,-0.025870689332074533,-0.014300699819441149,0.9557179403559215,0.8505808947550391,0.9025497509045761,-0.6579633042130404,0.0144639694314016,1.0894582813081064,-0.19945828130807164,-0.04718975701667623,0.6228102429833202,0.3976731973824404,-0.587475124859398,-0.49042978517204416,0.7915464524886573,-0.8004088045378592,-0.48853921486064095,-0.4036252030447686,-0.8753710254092928,-0.45453118958387306,0.02816038724493203
1.0807849347830896,0.858816824073508,-0.9614541579225265,0.806109881035927,-0.3898921304973872,0.9563410903324338,-0.3435405561992034,1.1077846685398156,-1.129523228563393,0.5998289861123788,0.8583497203466247,0.029886803712078858,0.469095826409578,-0.5343028173171136,-1.0445678123792066,-0.8071707476443594,0.2996991427111027,0.5585373813476076,-0.1630630917608818,0.30304681190167715,0.7900180970724139,-0.6245678123791939,-0.37717074764436603,-0.06911480921204262,0.4841688914006447,8.273731882415961E-4,-0.9109734755977579,-0.35795238035962224,0.6754321876208064,0.7336144729635482,0.3216713244779226,-0.43580878523467653,0.5982173054822041,-0.35818282236104276,-0.2508728769976029,0.40543218762080274,-0.18865001341010948,-0.4862512476563185,-0.018267399029120834,0.39178064163409104,0.2815675461359301,-0.4519726678590639,0.07530234421953648,0.7021789330795346,-0.733601935175097,-0.0816338244655329,0.7152275969019938,0.29169738953719215,0.9698882536711586,0.2576548251385529,0.5023451748614344,0.6698289861123788,-0.11017101388763535,0.041797096821943575,-0.11416388906476953,-1.0821438138995347,0.4727365903048148,0.8573375583077539,0.9117636678667808,0.3508526368667176,-0.41706586421029407,-0.8083560012226277,-0.34742986643334056
0.5782202129651297,0.8099343946891935,-0.9816332290503464,0.858102997629385,0.2439098370256454,-1.0268590239440425,-0.1558687282427166,0.21113334666735364,-0.6731997632920199,1.2121371932530465,0.13750821161207127,1.1114719977691603,-0.7476602899146865,-0.2167268492865102,1.0687095238245023,0.479224059550823,1.3370045577377636,0.681975651643473,0.9164235200707216,0.09883259151867159,-0.5086504662959279,-0.7712904761754822,0.9092240595508148,-0.7485758173430637,-0.06480837650765062,0.5920893781408274,0.928151101949128,-0.508078820824137,0.8787095238245177,-0.4811400543791073,0.3766159138005449,1.270906967451363,1.3023563199481074,0.6242429736919868,-0.2193033280822764,0.8787095238245177,0.2645950779098571,0.6361465751170017,0.8473830067917885,0.427860756841066,-0.26579639012229034,0.061239689606324685,0.8935768883092325,-0.07475474606452956,0.9717846480240484,0.9100704662999852,-0.09301005950108993,0.7493362453929895,0.846216898188787,-0.7239992888479334,0.3839992888479355,1.1121371932530433,0.2821371932530398,0.18042301152898158,0.19389235019980613,-0.4260879675096035,-0.01605622344684261,-1.0146945869517785,-0.14493783078470687,-0.5609993223628722,-0.4301431232595611,0.09181659614936913,-0.5034445380760703
0.27567098258782474,-0.8010389615755633,0.4030885188364824,-0.6470403913223224,-0.43105163693600806,-0.07841354478389047,0.4860228889744928,-0.84223705138109,-0.7464104158337104,-0.1713440187757768,-0.5527047368439313,-0.7198008253091686,0.5250664798924494,0.058221277869264704,-1.0952114824079624,0.48656401519314846,-0.4999962934627965,0.16749073130969241,0.151428343238088,0.6986641665071915,-1.1064211938200095,-0.8252114824079491,-0.8034359848068513,0.24403094468060033,0.7088581910813121,-1.1775122487860157,0.28771604962167285,-0.7044842573813019,-0.9152114824079489,0.06847883069352878,-0.32104699419564836,0.6515441681248488,-0.9547493603545503,-1.0652354479663733,0.5998149655197254,-0.8452114824079491,0.6952032971249902,0.26381556213950424,-0.533051410921523,-0.5528943820238856,-1.1526965515609786,0.53456762573318,-0.5438637570949783,-0.11076427922317643,-0.7211543735958099,0.6655555705675795,0.5289629074648396,0.6059557231260579,-0.09507346850703781,0.1391106739318771,-0.21911067393187725,0.24865598122421614,0.4986559812242305,0.3353659253876126,0.11719128581452758,-0.6023110666233649,-0.1658793806602829,0.8576003203562783,1.1430967041194482,0.16587751161988584,1.112979423058792,1.0002175518649874,-0.26850096933262696
-0.10670638152422048,0.920661494708956,-0.8435360683282587,-0.332509860835179,-0.08014890516852043,0.9792171604922066,0.31632683897235186,-0.38051338641778537,0.5575778940203507,0.5081284557523615,-0.13938190868392616,-0.3659822416557316,0.13636855784901927,1.0717307088443913,-0.5648709530433712,-0.0680645393540717,-0.922668860824263,0.6573047104845958,0.46242952712306246,0.6985743125860916,-0.33405911689791495,-0.8448709530433712,0.17193546064592724,-0.16667747449693057,0.4098837972557224,0.22743322291116005,0.2879205533050612,-0.49127431636477786,-0.9448709530433712,0.2965810190345456,0.1548375258103659,-0.3193361022262438,0.6041090279531464,-0.15392156555149508,-0.28022951408484514,-0.8748709530433713,-0.09557490379036221,0.6401232665309381,-0.0843114685025404,-0.09250885723588786,-0.7089360518502031,1.048071924354189,-0.4856682696199923,-0.9991823216103684,-0.8987445956956791,-0.30611247192884805,0.46214208020059616,-0.978138735273579,-0.6648564334745326,0.07868929700559177,0.1413107029944086,0.7981284557523611,0.6481284557523611,-0.7492394204808074,0.5129126888144232,-0.4424681033265493,0.4126563054875297,-0.2568488697273411,-0.023090211494533767,1.0658631090208186,0.006023112609191016,0.5512609392221813,-0.6999192868811277
0.780528937936165,0.48502323097483485,-0.41296491689502823,-0.9651006922584427,0.06686869760305714,1.0161609738517738,0.7564988392581521,0.4041577032133522,-0.0395585974137187,0.49058234600640266,-0.8046014950725079,-0.12532540948963095,0.4204777399661892,-0.7399385549134024,-0.892354474929585,0.23695358072921896,-0.7067939906930959,0.5468670861309542,-0.3035364192368788,1.0011670812856739,-0.22014858766394071,-0.0023544749295865827,-0.7630464192707777,-0.6739093491292737,0.03636582633538847,-0.26800159363322923,0.3253795487285318,0.6206582685987515,-0.08235447492958639,0.16964617456749242,-0.45284401977009303,0.9555068096068736,-0.7982267022060264,0.88040682225227,0.6282546583755103,-0.3623544749295855,-0.8482302603496913,-0.4427642534586925,0.7195001560123137,-0.8582699604200307,0.7059832402067684,-0.31512926395840446,0.7502691883709133,0.172945262846501,-0.2857491886460727,0.829756518315257,0.8037074863563624,0.04335957690627615,0.4024750756365525,0.3767813665138481,0.42321863348615574,0.6905823460064057,0.8405823460064058,0.856088052967734,-0.5887432268705773,0.17324257540477472,-0.3983233684902655,-0.6701606101040792,0.2376198183842481,-0.8403608868912543,-0.4518368566181863,-0.8996076025064009,-0.538117465486786
-0.4588401750217449,-0.1734124140268523,0.3359258505022251,0.704404186987704,-0.9320114069811336,-0.8032242843146018,-0.42529713530159485,0.24620783371915195,-0.401777334032965,0.30167307955001776,-0.4342450837618263,0.12500750746946665,-0.8463974693474325,-0.0486259022387606,-0.3021945711229294,0.5966250708091224,0.2691666867848116,0.8015957369228298,0.6907778245403611,0.08316074317567484,-0.8394084817282119,-1.1521945711229293,0.16662507080911898,-0.7272854536728804,-0.03848434211837811,-0.4906198815923273,0.9581472269900929,0.9864776096621164,-0.202194571122931,0.6287710132847271,1.0512086699758503,-0.3871141677923232,0.3948678232544688,1.0571169372413958,-1.0649984933544032,-0.3221945711229315,-0.13929309250272706,-0.6085204048389167,-0.7981130787675765,-0.36309264384402695,0.6072425798638277,0.11146409347652868,0.33529903611186296,-0.08296527883117935,-0.8094793603677757,0.2750928786373229,0.7722552479470279,-0.5802510273709649,0.038085125506580574,0.7437014409539479,-0.7437014409539479,-0.6783269204499768,0.9116730795500232,-0.8637546814448678,0.40895294902027024,0.7649696029095433,0.576394101584202,1.0206694226613007,0.6474135141278715,0.6479382364419121,0.45567890581307186,-0.30063011125210004,0.862030848652586
0.27023605992149186,0.41667829951073093,-0.033206034368583326,-0.6660203497558738,0.8549095618173334,0.19102702181700815,1.1811450545181017,-0.7994452591373736,0.06056700826722979,-0.7648789275424596,0.4392089694130678,-0.7978521935789816,0.9457881055830929,0.4627201034472161,1.0563193576134646,0.36480239151640886,-0.309329764010764,0.7206865398448538,-0.8413559527512308,0.6099114263721647,-0.11851890117471534,1.1163193576134662,-0.9651976084835908,-0.8576042018741327,-0.7886689376519121,-1.2646309358376011,-0.5457896196970521,-1.176391699058033,0.7263193576134507,0.5254492026089279,-0.7771332266321546,-0.11525360404970326,-1.4087909545075417,-0.7322423464291213,0.4956101912057175,0.6763193576134509,0.35889028847192744,0.4685790457698502,-0.5414598459469792,0.09502128535909517,-0.4660006766723129,0.7779072548727469,-0.18813147885486065,-0.5668863296738608,0.32930875651152264,0.04286651692227991,0.09889040050523777,0.7884501597960013,0.1070302623569697,0.35610390439431955,0.7338960956056907,0.36512107245755027,0.5651210724575405,-0.18132116713169205,0.8877958125596467,0.6952553919040901,-0.8198637271769614,0.32076619646625265,0.7715843195460442,0.8576516261824653,1.1420026755523243,-0.4896754351420911,-0.6262076700029274
-0.020581268311946274,-0.7500571582406276,-0.80625747100451,-0.32411958309404354,-0.06192723773554469,-0.37559804958469756,-0.5492067477944733,-0.08021172062088919,-0.017971253554083796,0.8295636867287199,-0.2352497130133201,0.26494496305245757,0.1980970962094873,0.27508014545240533,-0.6573771132126625,-0.03080586096232216,0.23585463774923626,0.5938406122899081,-0.2892994417227689,0.3325600606457616,-0.5007834995938275,0.9626228867873451,0.24919413903767557,0.06603934761867843,-0.17194496553422012,0.8006580712949638,0.48831119739174456,-0.10248741838691892,-0.9573771132126624,-0.9867649085799256,-1.0719642738623254,-0.34145458246055804,-0.900296576123875,-0.08809507400029465,-0.5897901959743899,0.7926228867873376,0.8243807392956333,-0.0737043924942418,0.33530866740092014,-1.0531802824228964,-0.632253339096281,0.3132637183590673,0.3089138378078483,-0.7262927834242822,0.7674942561383111,-0.9830298539330184,-0.4919110845009109,0.5114557098832166,-0.8344925485733259,0.1460792303996114,0.4039207696003898,-1.000436313271273,-0.48043631327126757,-0.5209604233426106,-0.8071018681580002,-0.03040754778486058,0.9266747625364186,-0.19487055798266634,-0.5632610970874808,-0.29482083627611433,0.6361442435517578,-0.503407823243774,-0.8065011590225848
0.7960935479023454,1.022685575425758,-0.601132327012053,0.03585729239783665,-0.17990050990472597,-0.8146415639196571,-0.5228953113079792,-0.2845026074856364,0.65568662829801,0.10303087017351033,0.5551674577235106,1.0455224668662428,-0.8564724533972987,0.5826006514997226,-0.3724430047491094,0.9436270255614893,-0.5223445805536968,-0.7369654948565343,-0.44915314762845926,0.05971026181113704,0.8531780256019111,0.18755699525088818,0.5936270255614893,-0.40720310889063904,1.0604112760070594,1.1503052944166312,-0.014000155825583137,-0.7467476234923559,-0.9324430047491087,0.44908217800879746,-0.7307782624552921,0.018282896455913352,0.2667437985179246,-0.34128172204710794,1.035158492001943,0.6375569952508913,-0.524236386888515,-0.8648141132514647,0.08310410762857147,-0.7082220857280405,0.661846849361134,0.3395419588709201,-0.3878184554763252,-0.37856032977110987,-0.39357958637493906,-0.4601716138983619,0.5298472164366492,0.37722230008835,-0.5721974251253,-0.009878058212849745,-0.4501219417871485,-0.21696912982649133,-0.10696912982648957,0.9464388426500927,0.9201232090960768,0.2734996495589477,-0.9151594079992097,0.7348221629757654,-1.0044529353744174,-0.6220022330116705,0.01212026181399428,0.2608156319927153,0.6049215308268036
-0.5026600352401951,0.6909127455863553,-0.07079248595934755,-0.33116275796006656,0.1781034665835841,1.0638644530189347,-0.0899596349750169,-0.15567681424947682,-0.20054751593920478,0.06907719296645173,0.5746080225726171,0.10874286457009717,-0.4899895087681604,0.48813092477053865,-0.028318302164417556,-0.2379060280242616,0.2542001022719163,-0.2708492151292021,-0.3487524344864009,-0.1602293064510305,-1.078822143196311,-0.878318302164419,-0.7379060280242689,-0.32804589682378815,-0.9082484390047976,0.44228843157256836,-0.8308840874183745,-0.7537489942344267,0.3216816978355814,0.6867013590881941,0.6776943644840518,-0.2046642815212349,-0.092202857007659,-0.033878476749494124,0.2743683044021683,-0.40831830216441867,-0.12237519841809825,-0.1984364221854043,-1.0466312298998655,-0.7248636413588511,0.745301523155133,0.7855962247982382,0.9268046071410477,0.6783983387091341,-0.43145114310208377,-0.15502392392863484,-0.9095004173974959,-0.849821386150335,0.026300766109128862,0.6794460950559866,0.5605539049440138,-0.6709228070335551,0.5590771929664449,0.41550441213989897,-0.856343136037262,-0.9088330024980176,-0.616600869565491,0.3564435751925268,0.629901014623169,0.6770140325493422,1.1079502889185506,-0.18129821795744516,-0.26954712057072827
0.4727536526111523,-0.595683116228079,-0.3314464497227826,-1.0239929213198866,-0.1677389405547621,-0.06877887737508939,0.003755174508142398,0.07070995959867174,0.7104827026756829,0.9372570453532202,1.2560368092393628,0.9781564943625601,1.0350255313433134,0.33926383141714334,0.9118919239086608,-0.24069926163429958,-0.011976398529800111,-0.5338302978682862,0.4621647331880615,0.9072846191927223,0.7908125474879085,0.5918919239086596,-0.04069926163430078,0.9131335941660933,-0.14056498952446436,1.0822341451567739,1.1843396674071442,0.9260567211227907,0.3418919239086534,0.42214913705877277,-0.5189085343613367,-0.30438326631545565,0.9017904439666554,-0.5781904389057461,0.4093533835526395,-0.35810807609134654,0.8780805022518382,0.789515072504745,0.0995216130405224,0.27107830366551244,-0.5339356169211359,-0.15688823066280574,-0.5573415199743633,0.8123077753231079,1.232215550927079,0.1206523197663004,1.0096770751120216,-0.6047021730381129,-0.5684208963951144,0.6814765157156503,0.7085234842843496,-0.32274295464677705,-0.6527429546467797,0.9956938141924723,-0.5244985807174214,-0.6775577054785206,-0.19342508907656145,-0.9069033523419398,0.13858112411672519,-0.24193510226354398,0.7111195999317695,0.6699733126715451,0.7422834181002443
0.11942101360249983,0.6803663100530101,-0.9436569688139738,0.23490374636533304,0.8038297949964005,1.3385367850719392,-0.8680720242696622,-0.4269141333039535,-0.9774761971514653,0.21790273398328483,0.13480308930451518,-0.6299309730925418,-0.33648336746046714,-0.2553908730880606,0.2313717886548446,0.3942378808897331,0.09607935964516541,0.21879275656680666,0.5009920420419705,-0.3646072908825224,-0.06531260315928626,0.9013717886548439,0.494237880889736,0.6181969845760121,-0.5302039009725986,-1.3339693083481714,-0.5468285731334898,0.8022463069129238,0.7613717886548439,-0.11643120591076511,-0.8141353160797526,0.31256556708770217,-0.2444637835529336,0.2159151542642136,-0.5423207948228972,-0.6686282113451562,-0.1788617637890395,-0.5671751376311229,-0.7924524891091503,-1.1262298411806078,-0.18770693556129567,0.6900250246619615,-0.6204515856832753,0.7046251817309913,0.7089356644684086,0.29799036801790596,0.2935110516416102,0.4741164387768224,-0.30713597749740534,0.8512624923579293,0.9087375076420665,-0.47209726601671115,-0.9820972660167259,-0.13304256246722101,-0.07464804842644011,0.39247829615565083,1.2752884384386003,-0.14273333462576795,1.1438330063202105,0.39156681997278786,-0.7107423808529822,-0.5820528347410113,0.574111444210433
0.877492742173746,0.15571889790373747,-0.3671725152567542,-0.07881896326832746,0.9970256372440497,0.9092688872698786,-0.15445681619576745,1.1982829718209271,-0.9325811355104776,-0.16480221575772913,-0.04275648321744023,1.1584171675375003,0.16953086849005072,1.0843605572002968,-0.5487057182847199,0.4744075545951326,1.1157464175807448,0.4199142667393141,0.5159501584442293,0.33745021539156606,0.8454773190545455,-0.45870571828470696,0.8544075545951286,0.268440287908526,1.2355786780722777,0.3052209046133244,1.1038169195097498,0.2242905213780635,-0.7887057182847244,0.011596217625773812,0.9905711068855895,0.6490354115076062,0.8783327455737484,0.8784240834765451,0.21023199074969678,-0.8187057182847244,0.25645328713541987,0.49161753879584913,0.8136927395502522,0.3998436945258337,0.8794959479318603,-0.44934277450376725,0.7818429150537178,0.250266751893595,1.1625976064990153,0.7943714507690087,0.5726362026751055,0.778947314593418,0.20602595239299837,0.1288316051593394,-0.778831605159324,1.2051977842422943,-0.12480221575772855,0.7069716285122831,-1.0675264932829276,0.6861507053423972,-0.15786134754267706,0.37776463044402153,-1.2049200841074872,0.34094404277131163,-0.9149586802835659,-0.2809378113391223,-0.6650946330666656
-0.4489150162943636,-0.41177617797162147,0.7240780782833134,-0.030387322783522783,-0.9762544349119244,-0.38375194906636306,-0.3516433894640171,-0.28312726822462686,0.3295110916599667,-0.18635310537867736,0.18810199410741915,-0.03150920804728676,0.06509039032816902,-0.8691606850449138,-0.34147532311624884,0.2578591465515875,-0.6637664445436129,0.3203592306037423,-0.5460140098147684,-0.1171920283001106,0.26312029794206815,0.22852467688375114,-0.8721408534484201,0.7041545216005074,0.4861466675987431,0.8993106242691229,0.5828966308021033,0.0535007660523773,0.59852467688375,-0.39338746059690477,-0.11723545165376545,-0.9077190896282643,-0.549389359064101,-0.610870578205442,0.689854635894984,-0.8714753231162502,0.10231424603768194,-0.4867029717197916,0.8837097450727867,-0.6295641333970516,0.5772630711859865,0.5335894251545825,0.2511113377188213,-0.13969932507650998,0.1313130221257877,0.8341741838030423,0.6899282214492526,-0.19532358964908267,-0.9142930412228634,-0.3005406073895591,0.4805406073895593,-0.2563531053786799,0.25364689462132306,0.05650805629858376,0.9089415646333365,-1.1820432736550135,0.5778739556872574,-0.2673210784855257,0.15323915536188285,4.2164489185285767E-4,-0.11537604396158682,0.9015420733411588,-0.2649297365232499
-0.7640373081243316,0.3269551037364824,-0.1114534280269929,0.7232066553363551,0.18670915143744155,0.23949355210843698,0.39629662321916664,-0.28713122487061343,0.5987985092197691,0.015930950454184082,0.5505335940891717,0.364616203978721,0.5790084004161473,-0.43567455109843295,0.6326424171486956,1.0890248672004708,0.10500386144499674,0.18014593662288636,0.7393347771993374,0.1896610224700424,-0.2588348412807517,-0.25735758285130084,0.9790248672004657,-1.0435387719016518,-0.9509481029627793,0.027775974573812676,0.0819470113440663,0.5350087477276031,-0.49735758285130194,-0.27983565880586964,-0.9008599757887795,1.1245581020379936,0.038540184338112925,0.03170929904949437,-0.48568062898700654,-0.5973575828513044,0.863627510835448,-0.8841707241985942,-0.11762208085406053,0.7468216876622192,-0.9057363338949719,0.7772947366016371,0.3317153281395095,-0.37982046787557283,0.6896428568811418,-0.46134955497967906,-0.14130495358980322,-0.42480924488579347,-0.3497619302899387,-0.5280583138797937,-0.7919416861202063,0.6559309504541894,0.3259309504541839,-1.1350614614066203,-1.0157842015543348,1.0776288693746363,0.9268534290836984,-0.6284422526285357,-0.12772335601113752,0.07140662824258938,-0.7367755455401995,0.6203661237275607,0.08648205479706222
-0.3126440962351535,-1.2753209024149594,0.30473823134752537,0.1253432935551885,0.7140788619171528,-1.4396742185464708,0.2695076473824993,-0.9792155542939749,-0.8945105428589959,1.0216412522548035,0.43533234850620395,0.36055027538000994,-0.2980472833014956,0.6910239918489787,-0.0919388074665963,-0.7917872896863654,-0.13757564898691013,0.5334582728731257,0.9139856196102203,-0.3783237468436064,-0.8352013592661831,0.30806119253340375,-0.541787289686377,0.8996985050893196,0.5234424032270857,0.32078948196412516,0.4715067115190309,0.6458031940943092,-0.07193880746659631,-1.226188291414629,0.4569530798568214,-0.5381217280835101,-0.2699964795076216,0.19144441199077333,0.4366485923808477,-0.6819388074666051,0.07190380656501547,-0.12211645587195988,0.84778297240795,0.4752067379482263,0.5853673494077866,-0.4843663475430488,1.1488442912916783,0.5287290440949771,-0.8082331371872071,-0.03555633100738698,-0.08606632673998735,-0.33541574935049406,-0.8244182605079067,-0.028432455535690297,0.7384324555356983,-0.8183587477451861,0.6816412522548139,-0.8256819415653653,-0.15890706886300976,-0.6446122728898822,-0.709078610541745,-0.5316298061635852,0.054773232249108496,-0.9401759651332435,-0.6473935781981097,0.0739818768033404,0.8842521830763033
1.1773817111036908,0.2825722001150316,0.022678578792477085,-0.8131758528668533,-0.4103500564929408,-0.11573591864765691,-0.6211673143425187,-0.7972308082307866,0.1364331677243273,0.866347408410183,-0.0038476993887797545,-0.6206103583147502,-0.348427805196923,-0.6859634019091037,0.36824243174892096,-0.3690400722553692,0.14590250587596587,-0.030360563579493523,-0.8541689061318236,-0.11265984328440949,-0.28174317121361536,0.6982424317489113,1.0909599277446391,0.3361226028451511,0.9849152133387256,-0.8869196304299021,0.5289880577332848,0.7160165710809816,-0.461757568251079,0.5099185066963638,0.9769026645426865,-0.5662282725300583,-0.22768962577226853,0.017573155503440765,0.556986570776627,0.34824243174892106,0.7207648199456829,-0.8146548444376358,0.10040810282982365,0.5105356445737268,-0.2928549510833704,0.4576644720986966,0.2777975292147064,-0.7204282177896395,0.2019640644476861,-0.0032264245636717363,-0.2651547932148462,-1.042410048549156,-0.24218807374783494,-0.12767571076499232,0.4676757107649929,0.17634740841018043,-0.4436525915898179,0.22115691939882393,-0.03994528817524488,-0.014619324632465468,0.36156994726720976,-0.7576229076839243,0.6836713270978891,1.0261570460626679,0.010790184760414628,0.03307622524797096,-0.9945566274099309
0.42103377514426316,-0.33089650903268625,0.33377868006048356,1.1271609284839128,0.2746820379503212,-0.32490636575968007,0.7892215057039053,-0.06347167191012806,0.22658903923196863,-0.09101141151633517,0.3978665651070385,0.759895478107698,-0.5793554891661442,-0.5245263844463579,-0.12037666821622268,0.5234940355380573,-0.10333747580453952,0.6010995190192746,-0.35862773676085175,0.2769932445384527,-0.9703457398219794,-0.4903766682162209,-0.07650596446194166,-0.08156461320546894,0.8358713152192738,-0.09247150282950657,0.96855690320098,-0.19046991693856496,0.9296233317837824,0.22502647648176602,-0.8778336823831402,0.075374205615432,0.9240671908985492,-0.30327060737056394,0.9690315293447774,0.8096233317837792,0.5823720121614333,0.4801729937716687,-0.42555989028604174,-0.46175729040527536,0.9258712211618306,-1.0989062582760691,-0.1627027325044234,0.74630364641463,0.6086124439959856,-0.08945727182706724,-0.11579948491416948,-0.28180271454996697,-0.982671804110203,0.6642022638016805,0.6257977361983196,0.4889885884836663,0.4489885884836627,0.06091887266061403,0.3008251571925204,-0.6464695170926497,-0.6497121037446688,0.7179814675907005,0.6417833361152665,0.03461507962616543,0.016195265025424354,-0.6340330451910938,-0.2037475411619279
0.6071314189970142,0.5272724755210569,-0.09296234424565257,0.27069409979072306,0.23959118026685192,0.5855620901570173,0.6915105247580613,-0.32724999853027764,-0.7107835842679879,0.20198266218933858,-0.10694079310007477,-0.1288857180275996,-0.03877042324851432,0.3845710624244704,0.5256023374851047,-0.08363592028336245,0.8657300607047447,-0.6315565718324226,-0.023957832684669653,-0.3610602997229852,0.6509403015138232,-0.7943976625148954,-1.0736359202833785,0.6343070926158078,-0.8006167038851046,-0.6948245271672505,-0.11834496686933184,-0.404085165019161,0.7056023374851046,0.13994629747942366,0.5634167865196903,0.6359037904859949,-0.5817393247009749,-0.5624492976798056,-0.2562334356932822,-0.1543976625148985,-0.8125593755727835,-0.04749815160139308,0.06719994922248364,-0.3573570950773542,-0.6399837550123961,-0.7113698321655116,-0.8306502639994894,0.06067663881277798,-0.017601035833383932,-0.467742092357427,0.2225828140051359,0.8562688464721979,-0.06531229997077297,-0.2835026000148739,0.7735026000148713,0.9919826621893357,-0.5280173378106611,-0.8781583943347042,0.19783139925376986,-0.4623746730372992,-0.23220833826966902,-0.25165097976834966,0.783994693842021,0.17689799978559795,0.033810844003502934,0.7396815967799248,0.6212852126092164
0.5594501150717728,0.8894631523157739,1.1543087067301634,-0.4758107829820001,-0.03581710958602695,1.20432853048617,1.4809670580272032,-0.041399145436787306,1.2568351206597415,-0.3433276544243241,0.3236379536784499,0.4361478058957128,0.9894426102137256,0.9933557533280089,0.7579143691387145,0.817521606084239,0.3607377940797266,-0.5109520345055629,-0.8768027750684428,0.3742707622499498,-0.11143812575427477,0.06791436913871395,0.5175216060842378,0.6709616698979421,0.1435908782024175,0.35148620957790455,-0.4272020805740478,0.19624868749868665,-0.6520856308612855,0.030577423458297,0.06626756975068909,-0.16925941954045134,0.4270298941828152,0.7896650664126479,-0.01655301098396789,1.0379143691387118,0.3844872141870117,0.19625679667461368,0.1748286082099432,-1.0537301660813896,-0.16876362964727873,-0.6152241553253142,-0.2680201823572383,-0.17893909914150954,-0.08595953466449396,-0.01597257190849487,-0.7233327049720821,-1.1828290781513178,-0.7873726772502243,0.46266630306726314,-0.3826663030672659,0.36667234557567596,-0.8933276544243287,0.9666593083316732,-0.14816873262351846,-0.6886256647587898,-0.2809523965852823,0.4864287604185488,1.0019071234044374,1.1537482538731318,0.5092802937120342,-0.06630427808534502,-0.8090428584403004
0.4345702974029399,0.8243625018613533,0.6345236073376807,-0.7500025614240583,1.0653632434101667,0.5465440789777597,-0.19300151340447624,1.0070874697357801,0.1267791561140576,-0.762938791329416,-1.312901516320503,0.7703823688851322,0.08593145653739925,0.7100093852272228,-0.280677410487885,0.22454403633773518,0.11726670026557813,-0.4097858477009623,-0.3832487840515711,0.7031573078118271,0.580511361590201,1.0393225895121023,0.5045440363377384,-0.609952938053176,-0.09001655375273086,-0.4932740982677097,0.7497169215645935,-0.31792914344942774,-0.5206774104878785,0.3482610895938795,0.8800903211665546,-0.4092715383031135,-0.8232500587302544,0.9438959012309162,-0.7219026315207536,0.09932258951210993,-0.3654186886533555,-0.4945995184928252,0.5416008701624174,-0.1448073140344097,-0.2068054171792631,-0.26136952969666044,0.28952808110710465,0.49506883904976456,-0.23103299361551605,0.8791748019260804,0.5384970824402602,-0.2570109087742593,7.168531851920444E-4,-0.11270703866921711,0.7027070386692135,-0.562938791329416,-0.21293879132941682,-0.00273099578782482,-0.8811233953757457,-0.6553404432269908,-1.0672982253020458,-0.42560022312974627,0.3506197064789259,0.8531636447231584,-0.05891036957683904,0.16048525484541715,-1.2590752824764033
-0.5179844333194074,0.37415925115672094,1.0302724736444444,-0.3463214833872463,0.9243822786866305,0.35866168150350836,0.7306172730755593,0.6209809438950673,-0.3113547113583745,-0.023391834418475522,0.17688377963306195,-0.49116841378436576,-0.5761866935981048,-1.3583959717178102,-0.19801655583034825,0.0776427883670445,0.39403680255275525,0.1316785632959395,-0.8342381619210688,-1.0232936810067004,-0.7691883363579552,0.14198344416965036,-0.7523572116329584,0.06669151191304179,0.6558247059460582,1.0044680912789463,-0.0047819563418422415,-0.9849269637423668,-0.2780165558303469,0.6097491155584231,-0.8478057195527284,-1.247672250288436,0.27526753359936446,0.6253721904967493,-0.2676524736097199,-1.258016555830362,-0.7020815975814181,-0.5129961597102061,0.705146858594832,0.2091475247659257,-0.16301806695517024,-0.2164152390774994,0.75941208114088,-0.22039145726630133,-0.8356555795513427,-0.6777992640274686,-0.8086360258959269,0.33955329607359314,-0.521759699386718,-0.1615904191336961,0.33159041913369486,-0.6633918344184804,0.5666081655815192,0.3244644811053981,0.7910273885924453,-0.6043862735406208,-0.2754450741350108,-0.00556513479174636,0.730370627056238,-0.05175964881234424,-0.5966489265991779,-0.8511608578567198,0.5597220150001343
0.5522944603461254,0.2735327316485539,-0.6573212340549921,-0.7940696338456212,0.6409452767089012,-0.08468836403140277,-0.024618952083588393,-0.1668201723218271,-0.04100720555802178,-1.054266169463586,-1.1909851526354645,0.8553562099861742,0.341014691055444,0.19509799063535588,0.5573241589157905,-0.28515153679562943,-1.0092916003835881,-0.3963373422657074,-1.2079956360416078,0.6402801915881549,-1.0881035041322584,-0.9226758410842104,-0.5751515367956366,0.647888573105234,0.41272300172603493,-0.43173380634451586,-0.13670344366244513,-0.8599778153108026,-0.6226758410842095,0.597493173015442,0.7257722628679821,-0.7184558184327396,0.5334087687586873,-1.027272455416793,0.6455657655235463,-0.052675841084223594,0.7381294800324694,-0.7555281686271802,0.10430857832611101,-0.6442898973247513,0.4135612084162691,0.8330385494385975,-0.7277012720042162,-0.1805946553784025,-0.3709614247743115,-0.9521996960767318,0.6949602087782962,-1.0414133606637308,0.15687106494773487,0.45815439675816905,-0.2381543967581644,0.1557338305364155,0.3457338305364157,0.32449555923398454,-0.5998182104442424,-0.524604243270879,-0.3577292675150334,-0.7431862515233394,0.5572251269967499,0.1963017903852876,0.5413034934441388,-0.015953708255027222,-0.6437957151147933
0.3204734503321933,1.0183051018974292,0.20954675784714125,0.13532294391119773,0.7940942355449448,1.2496245836027542,0.562604047558612,0.5995722335399751,-0.6921472560788048,0.9621174530953186,-0.8222261483121079,0.31161057086219984,-0.6383823987273508,0.2722994559160939,-0.3955936924263935,-0.566981330112441,0.876520259084231,-0.5971358365341383,-0.8109073668463495,-0.24096392295841507,0.1666582017894454,0.09440630757360191,0.5330186698875478,-0.30079429332419355,-0.5721273271312836,0.23971258890893282,0.648382399714929,0.708545854486191,-0.8555936924263917,0.92091672240668,0.4937844172006666,0.13522609574314134,-0.02476442013613134,0.7060317443419514,-0.4547006841519314,-0.12559369242639803,0.1286750684801307,-0.9649038105649396,-1.0459309071151957,-0.45707215899969306,-1.0653075243657986,0.32789217715952484,-0.7211908864374793,-0.713236803788838,0.17696346378291422,1.019131812217689,-0.07573180736323132,-0.7897103303547611,-0.5589389922216303,-0.07602496047111837,0.3160249604711178,0.3221174530953213,0.4521174530953214,0.7642858015300823,-1.0198040367915573,-0.919043569948934,0.3712838382371783,-0.3460384995099874,-0.30353461820659194,0.5427530710234866,0.6691606529395558,-0.4816376417509242,0.1233407657382177
0.9128397008104484,0.817289807716231,0.3077288554150207,0.5988718452355021,-0.5247838688296933,-0.42435956507678874,-0.9333324192295422,-0.20686807049661565,0.19847153349894525,0.8912653104316047,-0.06379899959228245,-0.7651742270459286,0.5116100236959629,0.3332055014182753,0.9506303812636568,0.3909730817386672,-0.7773065531370584,1.0383333264988592,-0.7469638477599068,0.014726157453160357,0.04086134690801733,6.30381263659845E-4,9.730817386673657E-4,-0.16511879621010028,0.26384106093536186,-0.3086792587325675,-0.9617715054905406,-0.7642964496775561,0.1006303812636595,-0.9156749168028617,0.6391745152615003,-0.10106890928525643,-0.2946746600073678,0.024089428635545446,-0.18872924737231,-0.1693696187363381,-0.3040912282852165,0.3411839358956631,-0.5688993781262559,0.20563404280144376,0.6296618474292776,-0.8007941126212604,0.7620585176949938,0.2966615063940973,-0.738167731962124,0.7273821611320938,0.6185681390398533,0.9282337109979406,0.2522894833393492,0.4545600659347161,-0.78456006593472,-0.00873468956839743,0.4612653104315987,-0.033184796474177,-0.8368718533310195,0.9603220227750197,0.31720843318029657,0.4322254976923466,-0.6788102975634306,-1.0484867645039224,-0.975546168565408,0.9971152778777562,0.5037179631389426
