-0.18831208166822214,0.5431152172562257,0.005300896884939791,-0.6097410208147468,0.6602846812238156,-0.07759512370514976,-0.7912384149309505,1.0695012747349395,0.36243548519800384,1.067794153693962,1.0424706328320772,-0.23047388182569564,1.2994765468576315,-1.3162009926664033,0.33195596264216065,0.13998079729078441,0.9014574658558453,0.5405392851505363,-0.5687586622717024,1.1611809146228935,0.9201532009347558,-0.49804403735783187,0.6999807972907697,0.03437336463009082,0.9355883511377812,-0.837358599850235,0.6547389514297609,1.107340207897737,-0.018044037357830056,0.11649952770115105,-0.021911917728149388,0.7107445105291167,-0.9460818807483363,0.5285207463455786,1.8072217251438136,0.1719559626421745,0.9546572764289234,-0.3502388413471058,0.9519711511082963,0.5111884575773347,-0.14414260623898226,1.1608982447046323,-0.7043807251959432,0.5596785440192419,0.9490763289486891,0.5076490300242479,0.5054067337151558,-0.5178059184008831,0.34381651309662853,1.643164586896855,-1.4231645868968472,-0.0022058463060358035,-0.4422058463060444,0.9763668547695027,0.5136489772386461,-1.2770432268240905,1.1250822222151906,0.9877916963943548,-1.2313123421861112,0.3226262613259001,-1.3176427469525935,-0.29630540549594553,0.36340543012894255
-0.5687055555631566,0.48598430485162264,-1.1083658970071237,-0.9794697740338179,0.569406181896601,-0.07996867503444818,0.29271627574770204,0.6186973722139832,0.541859307740159,-0.5597952119100533,0.49057116502914244,0.7083534967611018,-1.208890700707034,0.2556232927396273,0.26775481964135744,0.4328018603128036,-0.27278131091427216,0.14170597270453128,-0.17284655905719123,-0.49071826880336894,-0.20722691840390306,0.8377548196413362,-0.2371981396872017,0.32274335433748136,-0.1931240501178253,-0.38540535433366757,-0.5741994819322875,0.22111249143608436,-0.9022451803586637,-0.4617922304267123,0.3710575934414895,-0.31756350967886315,0.4630760369665984,0.11294762882212547,0.3309792816774394,0.007754819641348173,-0.7968317627480062,0.3991211793847631,0.1492972900405348,1.0238110397995315,0.6896481081358043,-0.09236872169282526,0.9247687206370998,-0.4340110535067254,-0.2630350866804444,0.6322750529047547,1.0222335404964151,-0.687365792859959,1.1397869825918892,0.6257112732097467,0.18428872679023264,-0.6597952119100534,-0.5897952119100534,-0.22448507232483264,0.2973003443222942,0.9220274335551066,0.17490069614643097,0.7163506817908194,-0.3792889539005205,-0.5511499317912782,-0.42455758107745845,-0.08867924120193582,0.6221640663439867
-0.8429088549874791,-1.2177758780901435,0.5873677092681372,0.8034857384548704,-1.0607515041164741,-0.5950006090391864,0.739356047784686,-1.0832670280644234,-0.10977864220318488,0.09859122828117163,0.7079905501837522,-0.4675633356592973,0.6492913626886812,0.07550334958439879,-0.47199507162571486,-0.36105059864188094,0.03588065130458633,1.044546563219817,1.0831010403124943,-0.45776242335381234,-1.1737486510680843,-0.4419950716257227,-0.9710505986418878,-0.17939899012452104,0.9561457099703112,0.6767555738159463,-0.8661740615424897,-0.4050148349090217,0.6880049283742969,-0.9316391795836131,-0.3317632396690151,-0.33289527869205393,-0.4723544488618914,-0.7114113003463913,-0.9124881730817076,-0.8119950716257031,-0.3716512767392999,0.4546193053268558,-0.08247984676205032,-0.05024771777583088,-0.7383631014512289,-1.4034264730977173,0.9752943513977105,-0.3604564307288912,-0.20317050375924828,0.18169651934343772,-0.5741483636153574,0.8343474755253576,0.34354077195533117,0.5940223949590024,0.5259776050410048,0.08859122828117104,0.1185912282811731,-0.43654174861614137,0.8703796745246835,-0.46595275980023587,-0.7617478010444808,-0.7983765561875854,-0.42898594236685594,0.10812028656968618,-0.7880080825107341,-0.9792476355016418,-0.5945971227682653
-0.4782229461305682,0.9065132222156465,-0.8537204829119871,0.014592872638305754,0.36350706875748223,0.23630256467383004,-0.8055282268877031,0.5907635129058063,-1.0817954883209413,1.0358802405525738,0.17327307202679368,0.038870620958076155,1.2454666710345061,0.25128391896009267,-1.147925756931348,-0.5031062184837846,0.5253156747277565,-0.5131719817428775,0.23625781322047465,0.08951938449346597,0.14629727429863557,-0.7479257569313278,-0.17310621848377652,0.3897625553981498,-0.474147309711546,-0.7232278250073543,-0.47240072779181735,1.7178157594948815,0.6120742430686745,-0.106286615944888,-0.8790512196614066,-0.0902580889537885,0.5821681000679599,0.8008676014006024,1.5039828644776347,-0.8179257569313265,-0.5957133870095603,-0.23096492890896336,-0.14202886504102977,0.24377123943723164,-0.5830877840323054,1.5858956472096006,0.4315096772438322,-0.3778167048372311,0.3953820731421385,1.2706459047959435,1.188631545135483,0.05747678179251474,0.3857327084738084,-0.029801052919020264,-0.40019894708098364,-0.39411975944742333,0.9958802405525974,1.0011440722063831,-0.34884938291478446,0.6425870870277164,0.09966805275412122,0.9439060536898725,-0.21008133897110262,-0.4717863756739314,0.5866691890355638,-0.8999437477928498,0.9943888144433674
-0.13673401975232677,0.3701473282218395,-0.3136940762531525,-0.5230058628016029,-0.22442914233448294,9.254491951632634E-4,0.5353432687782108,-0.4163402108164066,0.7061991295191352,-0.5765645284443051,-0.5281413860327505,0.3876445530712078,0.8616105924945725,1.052584622034678,-0.4631827439170393,-0.38695833738022045,0.10517377878471972,0.3643293882537121,0.8186319388805876,0.3851534104414006,0.9748159551926285,1.0668172560829654,0.24304166261977025,-1.1194833784607614,0.9423261568015606,-1.4536924599762409,0.6253854216176289,1.236172431898198,-0.47318274391704107,0.9352418387754906,-1.3264211873716327,-0.6134376972593321,-0.05773646117031356,0.6508242532935691,1.1524719074512988,1.0768172560829656,-0.868535194968659,-0.7387064405638144,-0.8362929039106066,-0.9318250925896419,0.363576552852953,-0.2935955569255674,-0.5914444366880278,-1.1355554261906748,0.8071191781125786,0.6402378301384062,0.30745085281781137,-1.2781617543760877,1.0965542624216402,-0.514601903587372,0.2046019035873821,-0.15656452844432653,-0.5865645284443051,-0.47344587641847447,-0.34061414283325653,-0.06649829078066875,0.6280054161023556,-0.09142952936660788,0.10802386263256904,0.8246910593016856,0.8776921879273158,-0.502369347278999,-0.7680822074422342
1.0865045089976122,-0.8469554988351418,-1.3553402235010972,-0.7121007867474496,-0.740806229907768,-1.8109262809323252,0.09026055531080455,1.0477835404929028,-0.5956802660876918,-0.3224051282776194,0.31976520412437864,-0.4084450688374855,0.4803157541987095,-1.2875444873037751,-1.0842125658218698,0.03631584022705289,0.14455372817554604,0.2567664071113214,1.1975437654989576,0.3233212649151897,-0.7257823017392759,-0.0242125658218542,-0.773684159772946,-0.1558637708225553,-0.4196078404073687,0.5801761697373107,0.6065756056802449,0.08729267275026423,0.0657874341781454,-0.4743110010096753,-0.6796453805618856,-0.28119032059364807,0.5246248704212881,-1.0875124696663754,0.5283396045500498,0.4357874341781444,-0.511513827370962,0.10162511765702549,-0.568948516310972,-0.4018348901756769,0.7154915973171698,0.030547013515325582,-0.2772537093686812,-0.3262111798729945,-0.6808050339775813,0.9826549738551242,0.375528430105374,0.5485327408639982,0.3111765547139019,1.1147423969460792,-0.8447423969460561,-0.4224051282776183,0.9875948717223915,0.7710548795550805,1.436027281754924,-1.7119417785245843,0.28707474709951436,1.2552148335669004,-0.029613830308314736,-0.9095586760400034,-0.015947294391258127,-1.0844823417231466,0.8206625974738517
-0.2783408736376056,-0.36074527806002443,0.7629942513108594,0.10614401771851717,0.299648377995835,-0.5081874298942513,1.0596117719927374,0.6646909575727344,0.1598706799507391,0.09347509712368532,-0.5698714725819642,-0.41373277603217795,-0.13463506167574665,-1.7640271314203808,0.08411837161012503,-0.749556734086662,0.9143843969735508,-0.3879886455876982,0.0581296670897651,-0.33773997069412576,0.28500772175918143,0.48411837161011506,0.15044326591335208,-0.09664003294666018,-1.1486007365500892,-0.8694321597907961,-0.18599992147702962,-0.07433609243414807,0.06411837161012274,-0.3250567436332611,-1.355895597906764,-0.7170734573150579,-0.4550689102894807,-0.7450969979020683,0.4956702838407768,-0.4558816283898933,-0.9329033037923211,0.4511009167294603,-0.44343091173611693,0.9586965123070639,-0.8410865403997585,-0.49259604321705075,-0.16497232854001778,0.8648145379683694,0.18490711223464948,0.5473115166570903,0.6303408411985372,-0.4219958402496481,-0.2240829783909595,-0.10439974257740278,-0.6256002574225912,-0.37652490287632556,-0.09652490287631521,0.5658795015461029,0.27149679119046183,-1.069180121239051,0.4868805415457527,-0.1340918477656778,-0.978220816506935,0.292033339195678,-1.0236545454707948,-1.020318931782138,0.8605472774640752
-1.1058040257803547,-0.7566443776684655,0.963913932171875,-0.10032298574397887,0.1371872629244062,0.5811344921327368,0.017224602988572226,-0.42281346027217864,0.9130994696873891,-0.0465271091802478,0.2558396600210734,-1.2167812879435052,-0.15472011689527207,1.1149907032611714,0.5698036841036633,-0.7695176746884445,-1.3634953028847212,-0.29744632503769997,-0.966507451525013,-0.10917988779680547,-0.08757005620920467,-0.6801963158963391,-0.48951767468841906,0.47510220353747235,0.618948508009896,-0.244643617699272,-0.13521709382151803,0.2627027119655398,0.3398036841036594,0.601265085630089,0.3859124529615046,0.7762380976516947,-0.3233979829932984,-0.6441796703516836,-1.695302905208755,0.5698036841036633,-0.157150905487093,-0.3647137855321341,-0.7206897731610777,-0.6255541374202289,-0.19681311859548456,-0.26333449405917314,-0.927164509600805,0.5772874917310873,0.35486668826106244,-1.4742929598508403,-0.9247939193349475,0.17015507510898725,0.2954617500863384,-0.5097816539766603,1.2597816539766336,-0.36652710918025116,-1.3465271091802626,-0.35568675729215077,-0.6464796846408227,0.42936750892553316,0.7651689459796633,0.07572239153287431,0.5112611535553231,1.0929805956867709,0.5409217611513195,0.9761540399506221,0.5411359789704844
-0.34361764467106437,-0.5769190186802995,0.33619725007309886,-0.9615488100815259,0.20942094033914244,-0.2109306130987879,0.8089361510689139,-0.020164924469864395,-0.07876401041763666,0.1510285181160545,-0.44717191373494347,0.5446654447408901,-0.4135648725690514,-0.7518302373501251,0.44349526719765975,0.4075757979148419,-0.2449375565937115,0.9324310875996937,0.668519997788346,-0.6018421151454585,0.23680335637664013,-0.31650473280234737,-0.14242420208516113,0.046358351809762166,0.28551062441714536,-0.26727857481507966,0.37476838513501276,0.043524926625601076,0.313495267197664,0.27827887707024845,0.0995186878954565,-0.32875722332163415,-0.2821227934620375,-0.4567463787088605,-1.5809263842402774,-0.6965047328023379,0.22937536606385928,-0.7521801054986073,-0.0305571595109803,0.5845185204921759,0.3299574530035396,-0.3198645730939034,1.1375291924879023,0.4097014889424271,-0.8906619161110194,-0.8073605421017944,0.029848352247280448,0.8059235277133372,-0.2591627183331219,0.26386900082036147,-0.933869000820374,-0.8589714818839373,0.021028518116052036,0.4443298921252674,-0.3154636770946506,-0.12257609269195509,-1.1301276422949784,-1.5151194505313057,-0.08667338318842756,0.2733602713674055,-0.7371836515467456,0.8937395883117367,0.18746407490576367
-0.48441631715569355,-0.8976423393067506,-0.28437334668681924,-0.686090046426895,-0.9567020100052973,-0.23249425640079716,1.0605891069456903,-0.025130587370082433,0.9467771641628692,0.17945987288935228,0.34694066679360724,-1.034280828661883,0.1303937334151507,-0.09997890747359324,0.5914724336890306,0.5701741431037582,0.49566550296626993,-0.38300566483452414,0.915101470238772,-0.1796674978076916,0.16892404627371588,-0.4085275663109529,-0.31982585689625687,-0.17350440411698292,-1.2830333480262046,0.2502362974342285,-0.15130019282389326,0.05675815118370538,0.3514724336890468,-0.47672095382818425,-0.011417805621014781,-1.2802338873617212,0.45626609529427065,-1.3979185889374046,0.2795821773741196,0.09147243368903792,0.06765493700800068,0.315557496678166,0.22957589926864236,0.22233147452709862,-0.5921867039034178,-0.9848745438325032,0.1476780637659515,-0.3045468940918143,0.4240690651558692,-0.3627049126930634,-1.0683900169307987,0.021607666019644547,-1.2948703236493182,-0.2389249572931661,1.1389249572931754,-1.0805401271106618,0.47945987288935166,-1.307314104959585,-0.10529782645979023,-0.4529876498186519,0.3884552844820538,-0.9501615454024993,-0.593500717383849,0.5122923931419505,0.6289583647027811,0.3641139082004803,-0.3604363209471616
0.9110840715682375,-0.8827531509971792,0.19771857795123154,-1.1334196775329406,0.5742887256753267,-0.5005989548925074,0.7713635327667562,0.4493097563936884,0.010252815998344175,-0.5383218164781501,0.024927397321498762,0.17747776860386005,1.0775250722853096,-0.4616916177939969,1.3161100736956264,1.2234524986964306,0.04120523386580505,0.5211999320595618,0.6667595761432444,1.0688663973302086,0.6728991634098774,0.38611007369561023,0.25345249869641806,-1.305427082586422,1.035095697158889,-1.4512266676684167,-0.4398548925530851,-0.6665970808565754,0.526110073695612,-0.2984933833300669,-0.49033094597281834,0.3809974106707801,-0.48929766222302884,-1.4773358401255519,1.1604109170599173,1.3961100736956258,-0.35329828750393444,-0.31128613192229104,0.42641058665582676,0.13487664551227574,-0.6178843888701853,-0.32531837073983705,0.5356371240395554,-0.8465947410474227,-0.8582710646689292,0.3655661578965076,-0.203321584768219,-1.1874114392141002,-0.22757378624617308,1.1288368067376915,-1.1488368067376915,0.8716781835218498,0.1616781835218572,0.3155154060872768,0.003209598257589635,-0.605510874528807,0.5442825335586458,-1.2895039371975123,0.244906791759546,1.0762859002123375,-1.1700426881412085,0.04546204509880816,-0.27255813474505497
-1.2041361842221232,-0.018386823642759675,1.036707771198204,1.336014807807672,-0.2914845611081386,-1.3611767044661383,-0.2756674687974847,0.19993997518609255,-0.42765372172741367,-0.43760693791250416,1.0755430703783084,-1.1329715142726329,-0.4745043353270083,0.049037073313012075,0.3039693507794018,-1.0816830973207157,-0.5158523779818964,0.25842393408758846,0.5634056121442577,0.3269568003379816,0.4387093120991479,0.49396935077939974,-1.311683097320706,-0.11834071361002883,-0.4959806423542503,1.0670238627501007,-0.8979151671692169,0.6630769386405739,0.603969350779398,-1.2090482655734522,0.10639853922361504,-0.528286923603045,0.08222101169683634,-0.8557340563003812,0.3626503877023731,-1.0760306492205998,0.32146691097011204,-0.9305365193136061,1.115743128671486,-0.4847871587342421,1.1201068086288002,-1.2717950288666,-0.924276089289968,0.8286254499149752,-0.34727670879994166,-0.9130260693793311,0.6660133056664761,0.5883522486981754,-1.0095361279702146,-0.4583054648832896,0.16830546488329182,0.49239306208748557,0.12239306208748703,-1.303356298491861,-0.0027241027475561615,0.8719483053877495,-0.8513164050438409,-0.26523681535193067,0.5912715094487027,-0.7530837242653949,-0.4320185050177384,0.7674095655742001,0.868621046489602
0.7444742901204037,1.0322564081915404,0.27610623701650605,0.1428897758869592,0.38188867061395815,0.33740011753133653,-1.2629870029530372,0.054729659841201095,-0.6102263668426582,-0.5680973999759066,-1.0056107761327977,-0.5916600491492218,-0.6341996581104444,-0.6714404795303749,-1.4671439373047659,0.601647230303287,0.39114021803031207,-0.7484110433124022,0.5387501594686438,-0.44508731681747493,0.0974844359948985,-1.4571439373047659,-0.7383527696967126,0.5598685052615137,0.12035899268427071,-0.7665688455651801,-0.40097832758258334,0.7590546902619927,-1.5071439373047626,0.651991714456558,0.8125735813571743,-0.2275718934830023,1.2738725916996894,1.7474124893230925,0.6099014913624808,-1.1771439373047532,0.18413385414633818,-0.25091847406994955,-0.469502425008466,0.11686364400120129,0.2573993070255417,-0.02683632050312061,-1.4679063192985422,0.736420800728493,0.11942817989001972,-0.0683539381811268,-1.003675351106618,0.38816168901932685,-0.11327794599888606,1.1439672778473944,-1.2039672778473944,0.5419026000240922,-0.648097399975908,0.5341204819529414,-0.20673118337578475,0.9439874450753835,0.5494353340975193,1.2747430320345885,0.8991163201749045,0.05649642520065486,0.9122198511715373,1.0368766582159452,-0.26404362730411224
0.4826201123231257,1.1602676815462294,-0.6256407412647365,0.8129226200173579,-0.1958896649846927,-0.2804905329450665,-0.8197651501385735,0.18521918012142194,-1.8497135815264185,0.7715197567530127,0.3070871288646187,-0.9176007104520717,-0.39347201245302904,-0.4618691186768377,0.24658490964029678,-0.7410793110452837,0.4536486496300775,0.8158377687824533,0.4656850155349574,0.6804467860463556,-0.013699974373458454,-1.3434150903597017,-0.38107931104530585,1.3929647893351857,0.6402058688743361,0.022085256540301693,1.1760863452373065,-0.6055396430979372,-1.0134150903596753,0.95030977823834,0.11150473855812974,1.0368613598854468,0.35864822057922113,-0.2816870154744094,-0.7256373895090892,-1.2134150903597032,1.204488061066321,1.168726928077104,-0.111410416236148,-0.4136255026997741,0.7360141581579742,0.1000999160930323,-1.0512861974826164,0.5145311103730461,-0.6177676116826069,-0.8054151809056992,-0.516562712244449,0.3038852652809055,-0.18157108149636528,0.5773480729985083,-0.9873480729985195,0.06151975675299134,0.5015197567530182,0.2738721875298938,-0.5215064312004951,-1.119440110081265,0.7374748528703621,-0.05416494634216621,0.03328628802861973,-1.3006444590796482,-0.9079186114095453,1.2461498098731991,0.9365422627534418
0.673292538407473,-0.10515251765076342,-0.17095040180162216,-1.5544716124833504,-0.3377523418317568,-1.1734007382700122,-0.44136172517507005,1.1912671187390445,0.9208722881492237,0.23135819924511,-0.4125987702203237,1.3643856948054176,0.7998405931419592,-1.1000119939153261,-0.19124421202525263,1.1833836189135396,0.23716679066146792,-0.6153798660763692,0.1995709677616844,1.0631757618222342,-0.748932224123865,0.7487557879747473,0.03338361891352008,0.14870437996906424,-0.3653363207187596,-1.2843231155912496,0.6297125621804842,1.6150062571761779,0.7287557879747473,-0.5991332849085909,-1.4496685233102073,-0.8351507247598435,0.2524580660514982,-0.5438423789788847,0.7243697897519272,0.2587557879747383,-1.0105733505519243,0.4823252933331797,-0.8965074978159193,-0.4661197627250681,0.319218792356842,-0.24845694246559735,-0.015435620608897877,0.942673319422733,-0.26512080825014905,-0.07667575219190315,0.36012695408125867,0.45341020094048035,0.22687636729248312,0.6970757101554104,-0.18707571015542354,0.6313581992451225,-0.36864180075489,-0.18019674469664046,0.9946574717622358,-0.8350558334552849,-0.18418542356270526,-0.7391094871162109,-1.3191328392244464,0.7989059518306816,-1.474380601555873,-1.7091752703125687,-0.11281533791023027
0.7608170712534166,-0.5113696122343518,0.6268395139670964,-0.18477983763978767,0.15051850167638625,-0.03869797821175663,0.04692944698111226,-0.3220478667575607,0.062175501543083704,-0.4769054957541261,0.47859651564021966,0.13584126316772455,-1.0092142768821588,0.9155002440899285,-0.6358318074713043,-0.20404055774316354,-1.0207850916394388,-0.574777129552609,-0.5687001844975086,0.1874648580659996,0.7704567896902195,0.7641681925286952,0.015959442256838333,1.211022142462804,-0.3019257578426846,-0.6917246164590203,0.6982782213051228,0.037631559109406396,-0.9058318074713048,-0.6322943226977589,1.3902435319146231,0.11708244672059019,0.24324809113150617,0.08003272181433874,-1.2080025372850485,0.5741681925286961,-0.6685385463488058,0.2033946587634986,-0.7929310792794924,-0.618792024724272,0.8329668694603294,1.058444922348612,-0.14971140335662148,-0.4710889473538896,-0.2495169553896467,0.08266972809811901,0.5442625225247695,1.1068464653456727,0.8465771938049,-0.48592746264287695,0.6159274626428783,0.32309450424587394,0.7730945042458639,0.3052811877336371,-0.5292725941683846,-0.3583731046300872,-0.6610694577167191,0.8941323991600101,-0.4287901322128014,-0.03456267704238967,-0.2525696101272081,1.2524336793624107,-0.058606559307179146
-0.906922882737562,-0.690097941184492,-1.115206463319272,0.7361033117123065,-0.4489932986898977,-0.1559853312951249,0.7634920514038864,0.7481653710826689,-0.9888617221893418,-0.5928525933200907,-0.19733523277290507,-0.5585593831470917,-0.5124004203631332,-0.7509724830231669,0.007244496033665566,0.7520591528596782,-0.801650701110343,-0.3042439148096744,0.7321349707663788,1.0023263972393865,0.4891427171100645,-0.4727555039663397,0.8720591528596727,-0.017076761275011516,-0.21174279770033214,0.34863002855198966,-0.4035413949829829,-0.6972981116648719,-0.7827555039663509,0.7539820473616236,-0.8227596772426681,0.7398540843643565,0.17281069028366006,-0.3819291719663541,0.6522915575282698,-0.7727555039663508,0.7475765134068703,-0.08266328974923311,0.430424337824757,-0.1258383481961657,-0.3421562422134248,-0.6731659038872319,-0.34155361175658805,0.841132861611631,0.23565052210316037,-0.42117441944992484,-0.3412787078413252,0.27664186557683085,-0.08965539068017647,-0.8506327367075831,-0.24936726329241507,0.17714740667990317,0.6371474066799093,-0.849677534873161,-0.7069668002996129,0.16881951871815434,0.5500913623863778,0.12541941936268242,-0.09002747275983773,-0.9689105957295613,-0.0530982428153587,0.8043530386925873,0.03722961450657097
-0.1619937170730461,-1.2349579601100538,-0.7579095387375867,-0.7762065156984578,0.9938462820952718,0.35642836654816495,-0.16534975464306675,-0.33975603388021375,-0.2827772522160917,-0.10298266558526976,-0.4070968390064346,-0.6875047295376825,-1.0140858024888453,-0.20095421954844722,0.3526870626817952,0.3147796512218976,0.8034141766250904,0.15198425483081732,-0.8631609747896211,-0.9863352060677995,0.5727284866222783,-0.5473129373181757,-1.205220348778033,-0.603904094090358,-1.031501010731167,0.5006179698620593,0.8895356853361035,-1.6550500587235462,-0.2973129373182049,-0.3882149874171172,0.4380553968735828,0.244471788373843,-0.27638122465791687,-0.7107665755120736,-1.8783509556649949,-0.04731293731820132,0.4606654778007369,-0.6390162555273737,-0.21569995956833685,0.40801950143554805,-0.2804493794889686,-1.5291791673196342,-0.5709160951078428,-1.0650225292646227,0.39190099397273953,-0.22513476299021104,-0.7640043818960398,0.4131537783007045,0.4791253288325896,-0.24335919166987943,0.8933591916698465,0.7170173344147577,-0.6929826655852424,-0.6800184225482043,-0.10208312510980254,1.063022131323938,0.40900844994778424,-0.649072133531254,0.13873792077988928,0.22003797183816662,0.9946432966486644,-0.3543332663904614,0.882240708645126
-0.6089147410693376,-0.14136714364079295,0.3217337966664193,0.39530693066141487,1.1781465324259885,-0.972608285536154,0.12116063653278154,-0.3120375367867536,1.2965905073807327,-0.7855011363890134,0.900424816487102,-0.8176331828657819,1.0166638346400405,1.4650616456636771,0.2669313112655584,-0.40237834067159706,-0.10301883949092379,0.03581047311221939,1.0407506561708313,-0.03598005985909183,0.1504465027174918,-0.30306868873444515,0.6776216593283932,-1.0156359200744145,-0.8321006516387279,-0.4335038735976501,-0.25321782015552313,-0.137749559451278,0.3069313112655553,0.06951754271549342,0.4092555558381129,-0.3100640765417425,0.5998199002630031,0.5575041673928811,-0.9359892501016096,1.196931311265586,-0.7764523877954912,-0.926434344664554,0.11385797855077301,-0.47888674723602354,-0.5600541069829752,-0.5949873197477173,0.4894136081636457,0.1618208371956433,0.20381042733410829,-0.3137371700944323,0.46968640373593395,0.09746359611893103,1.242928799615604,-0.5195552398886714,0.8595552398886561,-0.07550113638902169,0.8944988636109865,-0.7330487338175549,-0.8044769584301874,0.9444581757502959,0.39769964808365144,0.5445588092353051,1.0312548731963331,-0.06875319546038998,0.24537889679450273,-1.0962034091899886,0.2847334288708863
0.30790106673929984,1.2411735221598197,0.15398175268456707,0.11369347261952718,0.08337866711569157,1.2142534152266944,0.6640946112740206,1.1569218407253479,-0.028883651784276855,0.9793513068044598,-0.257397138924757,-0.6306524808982278,0.15089191683054293,0.7623356690967938,-0.9922923438773011,0.940330532818377,-0.12314129265866985,-0.25490832716432665,-0.13820724355948538,-0.6819384364074482,0.29010681852750353,0.36770765612269063,-0.2596694671816211,-0.7803491327579694,0.11481834496945599,-0.42034534505529464,0.6298659379026962,0.4103970101487898,-0.32229234387730843,1.1335609680447833,0.274627592394767,-0.6440718585969135,-1.1218089000593778,0.8213763778442343,0.8363939707441405,-0.5822923438773052,0.37358208708919627,-0.7543913329518416,-1.129434965517916,-1.0211188775312903,-1.268686882136629,0.652201384458933,0.6652150566595895,0.6018481945734427,0.8530730454109837,-0.7201994100095755,-0.07397165733126722,-1.176194282673512,0.3576142190643966,0.0844292412622439,0.36557075873774747,-0.05064869319556006,0.1293513068044414,0.7960788513838842,0.3399047382823389,0.981326911010045,-0.10256911759644184,0.16442507643065815,0.3426920094726844,1.267714297087618,-0.660263287785075,0.3787947127093285,-0.4921467398303694
-0.979207603661099,-1.0472481799452422,0.524009130727552,0.6551251802960052,0.4662926365388084,-0.3705173557288987,0.6004293634800463,0.41395369124193077,0.3741428433057818,0.19305270017497791,-0.30820052807658355,-0.40510136261847046,-0.4336371202766946,-0.08821512974032865,-0.7217948707242543,-1.1401085947280687,0.97044270570774,-0.8337445964027355,0.7778571920788404,0.37620939387881186,-0.5776803499244265,0.19820512927574566,0.5198914052719591,-0.7708858186409733,0.8648628068605191,0.9772682441524678,-0.004300718224262248,-1.3122859024956326,0.9782051292757322,-1.0866426232319535,0.685037594910268,0.7084398657331239,0.8808697838634221,0.06465857760977586,0.35614480720309694,-0.4617948707242598,-0.18136182297958667,0.7454891546308517,0.7975952737256389,0.8074485783467058,0.9049561656272822,-1.3327960145987046,0.3355951348084744,-0.9755093627997574,0.7774035937517398,-0.22455582996412646,0.18264455671315552,0.23756616009453443,-0.5102903443916729,0.27134369677465303,0.9286563032253163,-0.5869472998250116,-0.13694729982502052,0.09109327645912664,-0.8284749931385815,0.4510121619119804,-0.6948117254893839,0.4714985918032201,-0.3128341755686009,-0.5250810111690292,-0.23807513853003617,0.12507272231570088,0.022996413000123388
0.2533412800461884,0.8280269064027526,-0.5437513384792683,0.14161920884319054,0.05397220803809517,-0.15897716257132524,-1.0622747335864582,0.45757862248426395,-0.31148995041511746,0.38981260423182507,-0.39311717793350787,-0.2295190760944321,0.5465751095994638,-0.3606531882806634,-1.5494865897245957,-0.8944247382062502,0.36282934510938336,0.004534400862676726,-0.808617053077074,-0.09334628567200103,0.5679574702264464,-1.4394865897245976,-0.33442473820625573,0.05312025331014803,-1.0354276725731606,-0.18754806636359408,0.6214962788509715,0.5728567724314982,-0.5494865897246092,1.0396969778892704,0.3146750645571031,-0.022559413196951872,0.6708570539485981,0.5508784161723761,-0.25350862401234964,-0.04948658972459719,1.1926454796284296,0.39343068607965537,-0.36733912990833417,-0.8818836875637918,1.123723932162663,1.2176993369544966,-1.0564698488470108,1.1870466318174644,-0.741420886137901,-0.8961065124944636,0.4717601146590448,-0.05929280871489066,-0.18902578889599655,1.1305953633618517,-0.9905953633618162,0.6098126042318159,-0.24018739576817874,-0.8248730221247461,-0.7740174674131094,0.18364662902376125,1.0916449882505883,1.5750971242374727,0.11308977161691953,0.05462180349313909,-0.8000912291800301,0.4012519451671682,-0.7015561181155083
-1.028679201499768,-0.9212141564214467,-0.5690556436673544,-0.3382633173248362,-0.28992820213059434,-0.19692212885549595,0.5092797336594238,0.06593609764137877,0.6285554211368056,-0.4429725781277219,-0.5533093070217652,-1.356732408605749,0.9656582012781445,-1.2663612660403258,0.4720793960470381,-0.10758787726884624,0.7247317722796198,-0.6747734879070939,-0.884283115351729,-0.9371273680118999,-1.0327747750385377,-0.7879206039529587,-0.44758787726884025,-1.0387813672937722,-1.3127139320823586,0.7149784631841898,-1.1272705767618165,0.5768759679326044,0.14207939604704437,-0.9878750782618171,0.5127180239727237,-0.14550024473901,-1.104527087511167,-0.1793134416426895,0.9466231832208465,0.5120793960470449,-0.4479246061628781,0.4932819415497291,0.02642307706782732,1.1507469866279794,-0.04746409690592474,-0.8332672408173034,0.059783746454410834,-0.1177821327546029,-0.22702887177754205,-0.48449391685585463,0.42923047623560767,0.714831552686715,0.39492957536883316,-0.4063595519512602,-0.3236404480487404,-0.742972578127745,-0.5729725781277459,-0.7704376232060499,0.9613223365770929,0.148196693500965,0.18504036325604026,0.0784491146845361,-0.5232104335515048,-0.5354849959130649,0.8905302184353499,-0.9931040678653413,0.6728000710239007
-0.484249292647181,0.34141159144999145,0.15284548077123988,0.6414985411260026,0.15671185781887942,0.09805387422021847,-0.7857599170088978,0.4534952418846889,-1.041741377213035,-0.06772586787890489,0.7688528585082645,-0.2279147629056968,0.8835823883416813,0.031302888371317124,-0.5327757329175421,0.5245295975892293,-0.14343728589461455,0.7543753814971828,-0.21661007496571866,0.11394154106228199,-0.06813820181601378,-1.1927757329175626,0.4945295975891964,0.7860728961821299,0.7057274947200881,-0.0837382087910836,-0.1489291571580678,-0.27133497430284725,-0.232775732917551,0.6603666583616901,-0.4507329934120844,-0.0050427068932965245,-0.5919697814598226,-0.6924047799416876,-0.24357076953492782,0.10722426708244977,-0.7088916760236155,-0.3213933058683276,-0.6042160028023886,1.0442675782289441,-0.08947973255053666,-0.45420567252318933,-0.7684871509332643,-0.2733048921467926,-0.21314058759952192,0.671198528303284,0.03887898147879013,-0.053768314534831545,-0.39384961983174116,0.8477838238690019,0.34221617613101707,-0.07772586787890409,0.06227413212109475,0.5866132480239039,-0.18865547818501935,0.14049514819878356,0.8277441534606109,0.22799031783716475,-0.5454871102875695,0.7447884565106414,0.8424933206341307,-0.6470348083337913,0.8598848422020584
0.5497636874318597,0.14135374010941418,0.5233915684924337,0.09492968277883793,-0.2442912447800119,-0.4706527903296379,-0.6591763088481408,-0.5832263066708232,0.33034063777974987,-0.08378198589114391,0.058732425692694434,-0.5206899421847231,1.3875064145194467,-0.8316835335264161,-0.5220936771026293,0.9892080082115431,-0.6764780977826004,-0.8854794187093913,-0.06273667451748846,-0.8934107285838664,-0.021324060466145968,-0.43209367710265634,0.4392080082115515,-1.3822678718863433,0.6841037706306121,-1.4753599155927557,-0.2522477146680832,0.256321236980504,0.44790632289733967,1.0185693726801688,-0.700072071129173,-0.6789614694548805,0.14801237947834395,-0.266732293603101,0.8281097040240561,0.19790632289735438,-0.7082775802046204,0.03283704835461822,-0.07891270477659501,-0.5555728989677948,-1.220896317000008,0.9574842508963082,0.6152102110058864,0.4614963049691665,-0.35947666123065347,-0.6610667139081894,-1.0257977863802,-0.45820020510856774,1.1159798276423596,-0.9759224185623171,0.5559224185623026,0.806218014108879,-0.6537819858911211,0.4346279614312771,1.3073990343787643,-0.27827363192441223,-0.03202722564482488,0.05386815169325118,0.15376282579969047,0.5391787521344766,-0.20991604905069866,-0.288509636053075,0.858296590245313
-0.8266003407273185,-0.46481137713632115,0.6310707113670617,-0.2911170156607944,-0.5876673442520296,-0.7184969901824657,-0.38553691586547734,0.8165259863108583,0.5561924779277397,1.3565728815366416,-0.08088479099040916,0.49712218099255584,-0.6420290482987573,-0.1498809968485668,0.6792719097401135,0.7934465544984869,0.13431222702699971,-0.6080748370248599,0.15093317790342722,1.061312089825136,1.3102004941826262,0.7692719097401136,0.7634465544984869,0.6949193492888351,0.9403340711319456,1.4343700498329566,-0.04277693952470986,0.5541280547206401,-0.5407280902598931,-0.3325143392960418,0.025516451661824285,-0.4889018740708897,-0.7559842899838095,1.0573862961383675,0.08170416454788534,0.1592719097401102,-0.0040111180285849635,-0.014340571489887812,0.6382930039199549,0.5174483921011203,1.1138544172980873,0.11003902537078178,0.2570112552304311,0.9469967458878706,0.35823969844511183,0.4764507348541126,0.9478550421952449,-0.6738849281922811,0.5479398396729301,0.8642653318011911,-0.574265331801196,1.0165728815366453,-0.27342711846335566,-0.4552160820543617,0.8451121967307279,-0.008284348640595166,-0.9257248301628601,-0.4422690496633891,-0.7041900803444529,0.7330584108313049,0.44619457590541367,0.05930612900197036,-0.9874020104060093
-0.37783948081827445,-0.04410827669290922,0.22999769087372834,-0.5840972007646578,0.5294398001803516,1.0072254768220565,2.049264366633699,-1.1880239583513652,0.14049915520649556,-0.13481312539840182,-1.219027060461952,-0.505792907716561,1.1197172670980997,0.059013877407291346,0.677103844720377,0.305371352134735,0.1094572879126837,0.42572274390879905,1.1085595257768492,-0.8830743871899679,-0.8093579198479315,1.4571038447203795,-0.6846286478652593,-0.15638828508067218,-0.4204191357736219,-0.9854085027624931,-0.8575679967065604,-0.10925454054973587,0.5671038447203883,-0.42764795698250613,0.646377463811541,-0.9088796802691558,0.3909627772950336,-0.26065674245169684,0.11810461850651892,-0.13289615527964072,-0.2088425829287986,-0.7352957517177879,0.7219623061400898,-0.5715645475924296,-0.42728832225348723,-1.4637481500663299,0.5013742580314523,-0.1806973239129155,0.15772436173209908,-0.5960068423932384,-0.5085341458125666,0.23844126443542768,0.2749124934631686,-1.1837535450402883,1.083753545040306,0.5351868746016023,0.6751868746016068,-0.11854432952376383,-0.8160156594693966,0.601746011169879,-2.0245909030122937,-1.5283222117564916,0.19173642908217034,0.5290167721319726,-0.6120050633731722,-1.1087271964499763,-0.1519246742190208
-1.104276477616215,0.17308531422298815,0.8187388523579994,-0.3929166805614643,0.6503946220481523,-0.6258302187208992,1.6541861291316489,0.6623832891634441,1.1279040647781484,-0.47096309982514967,-0.6857523211925084,1.165297684093466,0.25805914880862973,-0.1622462282336122,1.537910220546342,0.8423771333952185,0.8170836384627927,-0.367538275561828,-0.250951620810896,0.8735387676006258,0.12843485682302344,1.1279102205463292,0.5923771333952185,-1.080538833656387,-0.27060674202898966,-0.526799617575033,0.5334645717863736,-0.23023818288393014,0.48791022054634353,-0.8484740547159021,-0.33153865344200434,-0.19526311083908252,-1.1775379839467404,0.03947511843760271,-0.32820199124720767,1.5279102205463417,0.28758791202786477,-0.9201515466242857,0.782236475151375,0.12721024521488541,-1.281250453766719,-0.48031237869818394,0.16595695883428555,0.17552095992344988,0.8360743337674449,0.9487125419282695,-0.18736524918018369,-0.3192971920546696,0.1564815951109713,0.4804300274513962,0.8295699725486058,0.8590369001748436,-0.04096309982515435,1.1016751083356675,0.328845764911119,0.16917146337509212,-1.0661031325761454,-1.601703907144396,-0.046759280216215546,0.12655369597930452,-1.173319697268602,-1.0351213075140362,0.2106079381360598
0.9656348135949852,1.0971889833245303,0.42608562505788666,-0.9528042529314983,-0.47626623819739783,0.09514775515257586,-0.43276485680522,1.3855070212017475,-1.076499592968919,0.31457514267072867,0.46501139986781675,0.7274032769269095,-1.2074474110518967,0.025806103235168666,-1.0556955068310887,0.9047029350639711,0.037502905919633,-0.8450882291249143,0.6799093342692671,0.9551314572407889,2.976936423456351E-4,0.44430449316889326,0.6147029350639713,1.1159104459725242,-0.4276270707054524,0.7430823117163746,-0.1816237725325482,0.47937063470127556,0.5943044931689317,1.4851338884663532,-0.6155319908409601,0.38499692449733497,1.1451849720199085,0.9206961562550268,0.7099784691626086,0.14430449316891503,-0.8348608077389571,0.8660479059562297,0.7117112544468086,0.1176020756858051,0.1755677144378649,0.9526154049279575,-0.9227677435821781,-0.15420652834900883,-0.7580155331472213,0.8504302971231882,-0.04605294243374854,0.7226399511889702,-0.7667745431087462,0.9784347844506681,-1.1184347844506393,0.43457514267072866,0.42457514267072866,1.1830209729411472,0.3044433868820616,0.4814725248337686,0.6586617466100374,0.08762524052163745,0.6566419396279214,0.8445801791482767,-0.06532065108556834,0.8350276977796337,-0.9578243459175616
0.6540079878555988,-0.4815375958766313,-0.34386319144857364,0.05128275094780746,0.39539596273421046,1.0667329827324774,0.672988703543847,0.643085897942108,-0.7978284398871042,0.47182400440858485,0.8456286462578163,0.6498728271475466,0.3371624560405841,0.5381105259051457,0.5825113637329394,-0.9772539056779356,0.02017937468181147,0.5353220987235624,-0.2001630045959106,-0.4772380954956448,-0.2081288857090566,0.8125113637329394,-0.737253905677936,0.9243987718245285,0.7308711240500524,0.38634994908554215,0.5205877671363706,-0.864335939149575,-1.0074886362670423,0.9728393569440072,0.683933192670482,-0.18078149843884708,-0.054000422954292776,-0.3942998489817546,-1.6210929527581979,-0.5574886362670602,0.7365507361713072,0.17397389705122732,0.40925736913951777,0.8484283133190184,0.9865665463535697,-0.3665100765175472,-1.0591332659938326,0.07121541235818613,-0.9609756626526283,0.2345699210795936,-0.1317102431192628,0.08821117608036053,-0.7097735154358243,-0.2685587317846503,-0.31144126821535195,-1.1981759955914042,-1.0581759955913992,-0.7426304118592205,-0.9248850333766393,0.10809146501971276,0.7806122967660435,0.29226704597259606,0.32707470864718685,-0.3204396495233626,-0.2521907108861649,-0.3904002755140113,0.3934007939599406
-0.5868901089289211,-1.3012569865476955,0.524416294002148,0.16212924530775302,-1.1301228521537618,0.08041793016575914,-0.5322448616372033,0.016275726460199695,-0.5251862735772022,-0.2094080007342941,0.49875624282426173,-0.09359722870058376,-0.5577322645042746,0.731061956990039,0.10366328900642009,-1.3225738361234698,-0.27803443869609673,-0.5768065471802175,0.8340576666807089,-0.30866169717585373,-0.40517510194053247,1.2336632890064494,-0.8725738361234205,1.1062393756430047,0.8932169536201278,0.5004286036093364,-0.3389778361059576,-0.618584516472743,0.6536632890064318,-1.1416082374604961,-0.06323893935997117,0.7584228790430416,-0.4236469276291624,1.1064350755762333,-1.4826238661167468,-0.32633671099358513,-0.734409592564865,0.5446181569261697,0.022647767291822978,-0.04974872069253617,-0.31049745361728615,0.3910993445971384,1.0950368510446267,-0.19094899714162028,-0.08090303721749166,0.18346384040121216,0.12064446285914056,0.4481289843445074,0.43619846009766955,-0.44235071150159005,0.9823507115015853,-0.3994080007342981,0.7905919992657162,-0.7750411231155852,0.050502311431121,1.081872129794456,-0.06723082888717598,-0.5530927429890573,-0.5648374024394134,0.08532937948039711,-0.3163849025160405,0.09783587016587945,0.6778949481627023
0.24920582234510807,-0.9086791896376496,-1.0030356662285032,-1.0243901655224903,-0.4871286592753989,1.992580394297028,0.10727633482681272,0.9862571537041362,0.840826858422659,-0.25563865501093974,-1.2324916792632477,-0.17658083313349376,-0.9737531599997529,1.5850686184732872,-0.5002260015031865,-0.2126899863699861,-0.19973381996969009,0.5706613075729166,0.7611194109830204,0.33413035711458516,0.4395952028101411,-0.3902260015032024,0.057310013630011494,-0.14183993569277964,-0.656298989797446,0.44910224242979746,0.907076245774354,0.2180677472437122,0.3697739984967987,-0.2827110789502226,0.9456393113161212,0.995019162795569,-0.7346312090657561,0.8424118763508661,0.3086369517084424,1.1097739984967927,-0.43954301062230927,0.2802778706296334,0.09131141206198197,-0.4576071413531304,-0.7127226671377704,-0.6789863640965212,-0.22432116646195033,0.3439126844671824,0.42947680707895997,0.9573618190616888,-0.14714518510693964,-0.45862750217899273,0.5155000378514021,-0.047838011254585436,-0.07216198874541126,0.15436134498905174,-0.5456386550109493,0.29224635697183027,-1.8353382093986226,-0.25528739059457106,-1.1527626639971447,-0.5855322138899648,0.8067333458970496,-0.40877134053363773,0.793355338082913,-0.30404164208079965,0.012700033105706561
-0.47824159403804256,-0.025585984730958262,-0.3072935075089097,0.7528869246278033,0.9596523761639347,-0.8637631533433457,-0.22208239452292833,0.06480046845151775,0.6602754137848764,0.8256434704525867,0.36959537690680033,0.26367828848001923,-0.10521542288404191,-0.7283996692547507,0.292474474273368,0.9026014079630217,0.21094921872952543,-0.9276755533427238,-0.4420152051861224,-0.6733843182380282,-0.7624386260027053,0.8824744742733942,-0.6373985920369784,0.5474637100916894,0.4558635194975273,0.18942889206426333,-0.26658526024745727,-0.17361641537345662,0.0124744742733715,-0.6128111025375146,0.22343761323242767,0.31009990880321747,-1.0546048908226426,-0.3171275008434988,-0.6777684265004348,-0.12752552572662515,-0.08344668558276579,-0.5610879191773545,0.20264465135172666,-0.6684323098702692,-0.6994324117838304,0.14318264261711044,-0.3622197774496769,0.8115024194593313,0.4136711572296473,0.12101554792255893,-0.45163729651840434,-0.48473816006076287,-0.8171328777257617,0.19010621672847244,-0.8901062167284829,0.05564347045257445,0.13564347045257336,-0.4670121388545014,0.8741211626277422,-1.0185855075837058,-0.4423173743608866,0.878365921723259,0.4136787038004818,0.9283686861483434,-0.7210128424514562,-1.2307834581985362,-0.3172009372183391
0.11392684263684935,-0.19675441607284674,0.22684127401328943,-0.9238662529864351,-0.07672729630318925,1.4039573013917757,0.1912464815447513,1.0442055661097982,0.20077666840282712,-1.130448281626511,0.23976860437060285,-0.723139713067641,-0.22237759220927364,0.4470321525518511,0.09570923961209363,0.32927299490054646,-0.22447852053639109,-0.5788925881606398,-1.002645588306217,-0.9756474021362258,0.061706299949049935,0.9657092396121035,-0.17072700509945662,0.3446304738482447,0.5661275190380038,-0.022678094710598305,0.6570686822417656,0.5457171544270482,0.2657092396120924,-0.5180871585678656,-0.9530616251782593,-0.4709317756237799,-1.073874218232266,-0.006513238086194131,-0.964731164154878,-0.3742907603879095,-0.6005101191023542,0.7682947547571587,-0.05673669435772784,0.6576134960474603,-0.005430516139140468,0.4484332388050299,0.25167900070219984,0.21096515661744572,-0.14829317330335148,0.17238808540634407,-1.2146701477648594,0.26859972277074445,-1.4623239389608158,0.25017532719991237,0.8898246728000905,-0.30044828162651077,-0.6304482816264799,-0.679767022916783,0.45849684254688633,0.18649657975695846,0.8419886203107919,-0.9065375300757524,0.7616421535035353,0.30592711138120504,-0.7119808720349549,-0.6206266921013718,-0.7775741588304347
0.6473892487287534,0.25826207826542674,-0.8193798318842163,-1.1244696474017712,-0.7466748755350576,1.7225242998382475,1.058258734561353,-0.2190151851958541,1.1438382884896978,-0.6089027425232785,0.15691105687787604,1.4523660592627765,0.21931828354500937,1.0185947902608075,-0.04267858810748181,-0.7924983085986792,0.3167634130213714,0.18251370311923582,-0.3730307147425546,-0.5995396452182791,0.7868295327762695,0.2573214118925169,0.7475016914013208,-0.4570112077507433,1.2250665139966053,-0.7582800095367503,0.8433567016104342,-0.04308410317802651,0.45732141189251935,-0.089547241448249,-0.8899465656217131,-0.39052912628035324,0.6406640668777099,-0.7616022044866366,0.7775409584637105,0.23732141189251643,0.07331549080248564,-0.8780879237532981,0.49408686004060687,-1.2672150942166338,-1.4237258458171151,0.36981224365067616,1.2829875674371825,-1.0665961387050178,-0.4047765914287806,0.44435057903453407,0.3656583253733508,-0.5993920013617837,-0.4275043116790583,0.38665097034880364,0.4433490296511963,0.9510972574767214,-0.04890274252328312,-0.049775572059964586,-1.368392441275768,1.1340299772115865,-0.7809231029645891,-0.5359241223333912,-0.8200167345792169,1.0335268558566633,0.2095483486186724,0.7289750019344223,0.1312347403981277
-1.0080346309001158,-1.319925271453655,-0.8487404188318618,-0.5005115844535323,-0.9116050565753925,-0.08381449323564849,0.06959357547569173,-0.520156084880406,-0.387140293366049,0.7134298238461042,-0.27069442119727744,0.33329486648883755,-1.1156921711603498,-0.6212270134142667,-0.19284765607285428,-0.25444872217360825,0.39670335821355734,-0.03410291292199549,-0.27887661223386545,0.03485044713590897,-0.5388863734894224,-0.34284765607284,0.055551277826389925,0.27881656853441167,-0.8406456099551588,-0.341048474108344,-1.394975168056954,-1.2709621920724277,0.767152343927158,-0.3224969181730604,1.140423521389519,0.024898431440336502,-0.5843579375277229,0.15112448492780964,-1.693788310689685,-0.04284765607285418,-0.3585729672169749,-0.08752957741864967,-0.39516719677315354,-0.36942021797218844,0.6007262020925702,-2.040787807265233,0.4904258782946262,-0.6152081611294197,-1.1778443793790119,-0.5359537388254351,-0.17492151001898001,-0.3325473322749261,-1.4456128391219363,-1.1568825505129923,0.03688255051294073,0.6134298238461041,-1.0565701761539363,0.2553204643996221,-0.5651155484820005,-0.5039130444023364,-0.04088467271838778,-0.14404951649700684,-0.5573197955420478,-0.48411908871628057,0.03975733509797383,0.5506406384311789,0.6614423178394337
-0.63051496033526,0.8889591871857145,-0.5867129425762825,-0.007808124720401717,0.33975090814287184,1.177365838585609,-0.3099699939963289,0.9244548229425342,-0.42638113967976893,-0.19904472997448017,0.020758266186222295,0.026031981519164218,0.48712213813618316,1.0950959449135222,-0.5879118034849297,0.08598548674770173,0.39587782928481313,0.9609124184205652,0.8149571280995576,0.08307859060202741,1.0218585077505988,-0.1979118034848922,0.7859854867477152,0.7199767903242573,-0.3765693640514867,0.7249000788306225,0.2903087567376896,-0.41543307131309765,-1.0479118034848935,0.03202731169916041,1.19788332914266,0.9762843809206003,0.21191056335816713,0.9197983262225982,-0.6700000815387639,-0.24791180348488817,0.27578848290839225,-0.45690182157070186,0.07545673824349744,0.11257232595027367,1.0228815867627028,1.4217970948226204,-0.5429892442256286,-0.2743727847983622,0.36914121026147423,-0.890332937259517,0.9258597215821063,-0.31204097249656454,-0.27321893299009253,0.9193773822018168,0.21062261779814692,0.26095527002552377,0.47095527002552623,0.9714811225045615,-0.7634465659477947,0.9155546799075531,-0.23889790441051245,0.09876218334641187,0.27541037800021356,-0.05800262998588875,-0.5913081333204144,1.3950455141697833,-0.5702655816865658
0.5222606242452553,0.4487103838301573,0.10744023581526213,-0.1716121840594192,0.4462932627025283,-0.6117013988507335,0.8136553153812841,0.7788162097433703,-1.0610001947422445,0.3886835183550415,-0.19251079978229446,-0.1570368832337306,-1.1993061768382356,-0.6450588470361612,-0.6843119178558116,0.32212793285694247,-0.36257176026405274,1.0230240772480121,0.20731764106872197,-0.1679381785087361,-1.0638658657636584,-0.0543119178558387,-1.307872067143038,0.3238602886889775,-0.6617600571004819,0.639580690277764,0.08868371325603358,-1.5225186498374497,-0.9743119178558196,0.589159628425651,0.7144985479278464,-0.16071157358751564,1.5317738537425833,-0.37257693164431765,-1.6025132835561826,-0.7143119178558125,0.8709336147196186,0.11283645973535966,-0.5625194881991792,-0.08071378067974169,1.350867503353973,-1.6958967580726847,-0.30556719647492664,-0.1511439321496596,-0.5531135007475169,-0.5095632603324168,-1.1079643397138654,0.5121227819730351,-1.3951211443827787,0.22756093112426845,-0.5775609311242941,-0.8013164816449584,-1.1613164816449058,-0.6077662412298624,0.7214841416396279,-0.4259776331817318,1.112863325210414,0.3575160656928125,-0.30918146104849537,-0.6161886016664274,-0.05433062208211788,0.20372597987573454,0.3738933612230812
1.227320572817416,1.0661982867623414,-0.5303378591585521,0.6336029012635954,-0.07618605976454063,-0.550580081159456,-0.255857227758435,1.500946690603569,-0.529751488180254,-0.5354004554491852,-0.4848216554098079,-0.6947248688603181,0.38203980302642493,-0.9375329074370752,-0.36977822434135255,-0.429026573235355,-0.3690161315824393,1.149469607312318,0.4523744667738715,0.45282554208811576,1.1646782332522267,-0.5197782243413495,0.5309734267646368,0.5759388035226375,-0.013909400339750235,1.2652632169337905,0.6153323404444668,1.323873517532034,-1.0997782243413523,0.9880250451606342,0.5132040713860561,0.7356437703105273,0.13982266207361052,0.5213800197307376,0.6342101621125041,-0.8997782243413334,1.3115522268040238,-0.3837050765034481,-0.2038678792587687,-0.5948273625584773,-0.39659565787249595,1.8563803158883445,0.016606099525393884,1.2926040614633756,0.8046052516994727,1.1957275377545087,1.0779710766023518,0.5870200182607674,-0.508937442880976,0.14733101447030653,-0.5673310144703079,-0.18540045544919898,-0.5154004554491852,0.14572183060583313,0.12578757973291912,-0.5881902793749922,1.3278936657081308,0.9467770868017434,0.057888138378759536,0.09033354445188824,-0.435477686524151,-0.49822727865739225,-0.7150093916844812
-0.9526638422859789,-0.11135739301317304,0.5115363141286683,-0.5517464440730345,0.3837104341083883,1.2836403169566257,-0.9325652906139351,-0.2549497199511125,-1.0006068400882602,0.8325388291716266,-0.5098476317639664,0.2512728942477598,-1.006560957111899,1.151571259842352,-0.960381266876089,0.8748247068367742,-0.5032223116522524,0.10464757413602319,0.09731635414486556,0.5504818501465464,0.7672991110043631,0.4596187331239023,-0.5851752931632287,1.615776715892592,0.5830716663706635,1.2570426508164718,0.8135833448640607,-0.36226700251739036,0.399618733123902,1.1089886746965203,0.3053843082915423,1.1652192361201197,1.2554900271869045,1.3301721816305825,-0.6046169801077331,0.43961873312390193,0.02243824590115952,0.7437964931417796,-0.8912139886178595,0.2751029424145607,0.07809538921095263,-0.159165507799871,-0.31614240769995355,0.8630719904541196,0.8975882549930717,0.8362818057202638,0.6543786472762249,0.44385653003480335,0.26153797018049474,1.1692891392250402,-0.639289139225032,1.1325388291716052,-0.43746117082839237,-0.43876762010118936,-0.6731457628746867,1.544115954191258,0.6599002709569831,-0.4537438539487538,-0.9805206648964085,-0.25563631124637715,-0.8873110571795623,0.33331083504610054,0.47291105720127685
0.42637624214525033,0.7459381427902458,-1.4156003661242356,-1.171945185496105,0.024773732507996693,-0.18434344193258762,-1.4302912464949713,0.16199053920917877,-0.8662431345265047,-0.7998488182742445,0.9362590824598853,-0.15785517489819528,0.2767448466490506,-0.8006329200134561,-0.8487894799791349,1.104536884661851,0.7080493937865169,0.33035451377520814,-0.9696350248069077,-0.3817041236910958,-0.6593243688730759,-0.428789479979134,0.8445368846618375,-0.18230026767085933,1.0893810120016896,-0.614293911046937,1.00579191226299,1.3358269237293794,0.5212105200208657,0.5482852618875367,-0.1560308630588072,-0.4161607066206991,-0.3554182603234857,0.2411381423440996,1.128378905709023,-0.268789479979139,1.0706447853959788,0.12772900341535814,-0.5813707281358782,-0.7027090959396713,-0.5855962229569467,1.4333229596834418,-0.3208912679183645,0.1880644491801194,0.9091193601253125,0.39955745948034277,-0.41896048498619437,0.3065055649822916,0.14857384318768224,1.299888751269912,-1.7098887512699033,-0.7398488182742444,-0.11984881827425634,0.7905892810807804,-0.1134899206565104,-0.21627402346236457,-0.08648403552015796,-0.31795395647561525,-0.8374556715411019,-0.9886173367034157,-0.979375826429604,-0.8063802357815955,-0.500093912832919
-0.23907345235452215,0.3106342029653984,1.096026799292003,0.525290045143021,0.6980454862262636,1.1936170427884967,0.05138473347131497,-1.4517588935229053,0.21852188244415277,-1.3480064836634917,-1.2783337044824394,-0.11014632804071713,-0.42935429563652766,0.5924771237237697,0.2920840314163358,0.3346789575048655,-1.2929958014559588,-0.5954842310671794,-0.43163650132617754,0.3655577482341745,-1.089395683227868,-0.08791596858365495,-1.0953210424951216,0.16453981420555563,0.24383682305046467,-0.7733203414173037,-0.9404168943951371,-1.092132094102891,0.512084031416341,-0.26324375846841225,0.5942773286840839,0.5316761263324686,0.5708675797870146,-0.42956278818725685,-0.6179755181032238,0.8720840314163404,-0.1356482633140669,-0.15115378538861357,-0.417048375477131,0.19855386993130114,-0.11476947258476171,-0.2581067367322079,-0.2029052863761224,-0.749522933888176,0.09510594192265602,-0.8746017133972633,0.06304504730072666,-0.03978015479229879,-0.26438500102032253,-0.0567482113154107,1.0467482113154076,-1.2480064836634948,-0.5180064836635585,0.12228586101652837,0.18287561227975718,-0.6565231363713834,0.2674869012403363,0.2803069821464677,-0.44040896881025854,-0.23989774557566373,0.3916519258116627,0.17972559007184952,1.067294809628985
-0.04638679609798304,-0.5532398316860128,0.4421216987509574,-1.025206960207107,0.6294168530189047,0.9482232624195692,0.6965600561235331,-0.31274718370121773,-0.7893443767697129,1.1654752817904157,-0.26847108122937985,-0.7260399811005337,0.16410057764771116,0.6085619872329574,0.9560727701354085,-0.09816433060633341,-0.14424105824281472,0.5997299959128951,0.6454706377049874,0.8215132052811883,-0.5269070923980465,-0.21392722986459886,-0.8381643306063346,-0.017825067975064463,0.5799976157168114,0.12369019491591471,1.3763023390353641,0.5470174979980272,0.26607277013539526,0.6667062363489608,-0.7085926737779683,0.30166609413092454,-0.03521329068889021,-0.4556224615045358,0.38922595850468045,-0.6939272298645914,-0.7221106936261695,-0.3408464460544298,-0.8637067223404201,0.54230051835752,0.2875668422613798,0.22180663175219328,0.6263564301021457,0.12296611969166922,0.11470368220349951,-0.20844328220847178,0.20867493728119949,-0.652716817705384,1.06337656756871,0.767536476265524,0.9224635237344759,0.7254752817904272,0.49547528179044653,0.7023283173784575,-1.0684977438178396,0.018056073361238593,-1.3895615595308675,0.46281380529416666,-0.7718403777582713,0.5176467905636866,-0.6258116328359652,1.038238975908939,-0.6627459450806857
-1.0596526168584741,-0.48374624339099676,-0.06357191513555807,1.0359653868510654,0.5004424669166848,-0.9371634942054127,-0.38094362921874075,-1.172409165596288,0.7309832611934975,-1.2658091831260851,0.5411130201236497,-0.5781360790825997,-0.6857302570156613,-0.8351466655361129,-0.1483732700145113,-0.6730526343882685,-0.8295201306284433,-0.47750292833050884,0.751740734138104,-0.0013054819730339688,0.4220798253120885,0.5916267299854979,-0.6530526343882693,-0.32478331159879975,-0.3207223298707896,0.28754358435770794,-0.6266110316298997,0.217907126668044,-0.6283732700145027,0.09706789882792123,-0.8961158826538161,-1.1298532617925119,-1.036615535295113,0.07212765453787943,0.02545749299793227,-0.3183732700145077,0.5438695688614733,0.5707119285777843,0.9688540685774151,0.10661830204524868,0.14561672127669245,-0.5173984229887935,-0.3320842175168585,0.15068493420153548,0.31868553495232405,-0.17722083851512113,-0.17821023666108357,-0.11067233122095314,-0.12163112219026394,-0.44612011309861194,0.6261201130986181,0.18419081687393027,0.6141908168739089,0.5082844434064536,0.398482371247379,-1.132256296954643,-0.6372251316871193,0.6831759598587507,-0.24906821398252185,0.6716891249572216,-0.35217244236909934,-0.5647449921087234,-0.8197295183569536
-0.398853791746077,-0.48244254893825916,-0.281725492169739,-0.08360364855324953,-0.6113742271514725,0.6107383592681614,0.8192170368341739,0.3554710942259955,0.4593211253611948,0.5417235613769301,0.0728896156519073,-0.6585625506673128,-0.6297659293799287,0.18773255813310682,0.6073935441823751,0.27739867540484103,-0.09422962143012883,-0.3114433135852866,-0.7105361468078603,0.825765287514722,-0.3127410697569521,-0.6026064558176244,-0.8526013245951481,-0.11446773144736552,0.5038285157239121,-0.10418161940312784,-0.44690266413715635,-0.6937308071276824,0.837393544182376,-0.08922801036997005,-0.6609664128584513,-0.3823075387295007,-1.1206710164271982,0.3216434001457839,0.6917699457823181,1.2673935441823776,-0.9014352703201675,0.24815374257421863,-1.0401336944523192,0.6045649853820462,0.056931341789717545,0.0636012412203999,-0.5385596386246819,-0.18483583705206616,0.6300481916467945,0.36363694883896064,-0.4357299195642336,0.09288452459677052,-0.6686942525639875,-0.8004820885810441,-0.15951791141894592,-0.6582764386230701,-0.6782764386230701,-0.164687681430896,0.19347843846569038,-0.6901253687367334,0.333987632259046,0.3387235053367333,-0.147683766031918,-0.04070026163307323,-0.9719056548209054,1.0078626874053453,-0.7214788047766186
0.4592527966769654,0.18856756419308107,0.4986576261494284,0.4857845841036516,0.0071086138610379134,0.25951189672966113,-1.1180697669774524,0.8807247230859161,-0.8828126904769806,-1.1371496701174104,0.5755256238958324,0.7357964921174234,-0.8839421194206085,-0.6082938418783563,-0.0034663708647012723,-0.5986215965263544,-0.5249526155438748,-0.9837252684428782,0.18910531309268458,0.052263003260424754,0.7472815767690519,-1.2634663708647134,-0.1886215965263614,0.1696615376672525,0.5916773307791745,0.8567153754324555,0.7482272241049241,-0.35729440985796657,-1.2634663708647134,0.02602788115251898,1.3215053385041835,0.06993377136910972,-0.42316730991455975,0.6579646045014289,0.32516526431904424,-0.3534663708647,-0.31594630251312894,0.3400137728469761,-1.1007732805260568,-1.0106714596368984,0.0449382972736566,-0.6113301890134921,-0.4212693162911715,0.13726999252055705,-0.8709525865846692,0.6697326458992106,-1.1898592588893169,-0.42725875729988017,-0.48052136865741746,-0.7970782223405524,0.5970782223405533,0.0028503298825890604,-0.6471496701173947,0.3135355623664686,0.028797049770035932,0.7857436743425505,0.5257310071574872,-0.5987571417936954,-0.19192970047272645,0.4526958159249016,0.14697697183188152,1.1327745173650552,0.9892262935696652
0.13378785384722322,0.23728736541855525,0.8832395334866445,1.146733742207786,-0.7206962070836989,-1.1232607059283577,-0.28889408706117853,-0.2566175004967358,0.0425527550959709,0.3253241556264273,-0.6840707248136888,-1.2608680700500812,0.4883955595568786,-0.3884269067215265,-0.9397942553711456,0.35572950997039837,0.515414569817758,-0.9103533646814801,0.3082329119070201,0.09878378146730202,0.6069752894722689,0.2702057446288419,-0.5042704900296107,-0.16723763157628843,-0.9393464431140552,-0.3010454058997893,0.0512711056394855,0.10516660435703942,-1.229794255371126,0.08436497383986269,-0.5032333179256813,0.14666434346331328,0.24769330857554575,-0.6192934254097433,-0.514178450402432,-0.11979425537114366,0.696334629530281,0.18104398118891626,0.564154861000705,-0.1154565072397544,0.9293889010271774,0.1576539285292207,-0.1297038411798362,0.5265286709114468,-0.4432900619474885,-0.48678957351881785,-0.7137024287050466,0.8692984868358782,-0.08293429633642169,-0.0565270863054172,0.8665270863054275,-0.8646758443735576,0.4353241556264274,0.24182464405510257,1.146217550820335,0.5877978868438436,0.7230071909810256,-0.5621075150215527,-0.2533008406724891,0.8879826031425995,-0.03288847391490799,0.41388478779069776,1.044176929649566
0.902105868568198,0.09283852709993087,0.08414333694402812,-1.0962929946784938,-0.00732320135846114,2.0463901386630026,0.8998512897712636,0.8041177779587425,-0.1658576087903993,-0.3160186799856539,-0.6802973922222252,-0.17385371808746583,-1.39210382576755,0.8805606843343321,-0.6137092414554244,0.8519694106237884,0.31826868646165507,0.427580203228651,-0.7198719490204708,-0.41000013691746995,0.12411357294552293,-0.16370924145539353,-0.928030589376218,-0.703985600258068,0.9920776231679614,-1.3861505621562449,0.4162763862213807,-1.26223235429539,1.0962907585446127,0.3891553718148415,-0.9237122311069859,0.4979671695562475,-1.0826890176973916,1.20423570576301,-0.08590430738974483,-0.16370924145539353,0.15769069838720562,-0.7033321428118027,0.17424760923747618,-0.9725994842800767,-0.9342788491540321,0.5140441688433823,0.2605781249919088,-0.3752692060753816,-0.4937165879278183,0.3255507535404638,0.3531700900928343,0.5814337843986523,-0.6015990606071799,1.138405144406116,-0.8484051444060567,-0.11601867998565518,0.04398132001434449,0.7432486614826013,-0.10777228402152161,0.004427984741415263,-0.4744749357262001,-0.7614401851366372,0.6701618800122413,0.08414337273330066,-0.5667247980084376,0.2260928833582945,-0.043805126023548885
1.24317674603533,-0.03930176969849557,-0.9000274634218737,-0.9526066696374107,-0.7978727048307872,-0.27723934605420947,-0.28749787704471813,0.17114089715164024,0.30936261375864454,-0.6658062966486644,0.326763141598228,-0.3587568941891706,1.2131530887693334,-0.5179484846221286,0.5142739586752698,-0.5537704477649943,0.12874232399443755,-0.07073607658538819,0.9745235452700824,0.2711207541941337,-0.02216983817655798,-0.02572604132471669,-0.7037704477649942,-0.538658274875138,-0.47957770717926845,-0.005707677334638811,0.6144248441049069,1.1068379295467752,0.4142739586752812,0.1787333107593748,-0.641598195251929,-0.5557460297006452,-0.3506433992234808,0.20552553894263098,0.7002858553521698,0.3342739586752896,-0.7612010095180883,0.667362084481238,0.5581538638753851,-0.25511643125258227,0.2836901924410374,-0.429857980542465,-0.47117742068160035,0.15387401762806985,0.8260732762021361,-0.781448208064067,-0.48779970695292363,0.17914157179791812,0.21237878246656094,0.9756895177947507,0.3943104822052504,0.4141937033513255,0.8941937033513356,-0.8033277809148673,0.42574479309883523,0.048715866607719635,-0.12613338856858228,0.7032676685484065,0.20689958742095527,0.8446313258230287,-0.8692274294239883,-1.2215969586501028,0.23543977959139512
0.30397400081604165,-0.4669720660387193,-0.5797138381400865,0.6994877703989838,1.1182199035739935,-0.5241451809091087,0.17724510661731593,-0.6530884456152896,0.3009011977723326,-0.4648040418455551,0.43118218420094456,-0.33826862491986764,0.41357082546656176,0.2695987707764934,0.41555434757128695,0.5122584045857671,-0.07180558254856545,-1.1152808581703566,0.5815778373371229,-0.09860302004909924,0.6238775918512632,-0.43444565242870625,0.982258404585754,-0.4520276643812895,0.1092140262353132,0.5114369186930253,0.11747914336478707,0.9162051171630102,0.4955543475712629,-0.6350812572789765,-0.4456117192150556,-0.013399684843022105,-0.5807918317965955,0.37403191282264736,0.3626508070021347,-0.06444565242871367,0.528244630632267,0.47775591901822767,0.5661625358232137,-0.6931901478365036,-0.032616794002593825,1.3122872805769163,-1.0714471931317195,-0.6032711660897329,0.20956829019191267,-0.9394856429533566,-1.0456315109296206,-0.8256152532995505,0.6668760511482438,0.3699100136817033,0.7400899863183162,-0.44480404184555566,-0.8248040418455554,0.14614202500919354,0.5221479422870471,-0.19030940778824185,-0.08441210517491562,-0.02098583999220137,1.096487183656383,0.9230715500658543,1.0216869847779286,0.13564002334094652,-0.15244949445211772
-0.3731894458995678,-0.5893994331785037,0.7652765535828956,0.6150640511857077,0.8335821551336673,0.6541229015296133,0.9213386460901498,0.4752566313173574,0.9407542867216256,-0.7888911780270693,-1.1107593446840611,-0.7667189241939185,0.1627833789150056,0.6405429309494289,-0.5566518267170317,0.18266274475602395,-0.48429162800143943,-1.0531866408765067,0.8141074936107269,-0.0630339294090379,-0.3250410245053212,-0.10665182671705119,0.5326627447560128,-0.925796203501801,0.04116195387450994,-1.2279684573349685,0.49053870149750656,0.6617520526518939,0.873348173282968,0.974528937134395,-0.3956601884284041,0.2056643965303892,0.680333556907474,-0.15479329992265467,0.4416836040976881,-0.846651826717032,-0.2692054219009745,-0.2214971959267361,-0.6644826720989949,-0.697707183205668,-0.8849020960660499,-1.094675316441559,-0.9620522766914318,0.4554023394004745,0.7480566604945407,-0.5557333522265155,0.7931997922183571,-0.8795016460916638,-0.24044147447970377,-0.8301438186570311,-0.6398561813429688,0.16110882197293758,-0.3688911780270484,-0.2926811907481258,0.25227792878659466,-0.2313210317793371,-0.562005451078167,0.6187324001645065,-0.2888661977990967,-0.2805937743186877,-0.2740093295229013,0.17639748625460794,-0.2524312999426126
1.2412554459718588,1.260237426977029,-0.028892479341542026,-0.8470596136935398,0.49913274722933343,0.4150159589920865,-0.7560385194880943,0.49784162335096105,-0.4835653421483213,0.2661485804651639,0.4563389162317399,1.0901602040968688,-0.15730833783261797,-0.08218784739980334,-1.215286121883426,-4.375969139379548E-4,0.1822364701177213,0.9542626502108933,-1.1437580344040172,0.7616819634959457,-1.0164427411677106,-0.05528612188342767,-0.35043759691393067,-1.047355800936763,-0.6332144685446495,0.2486325754315263,0.14233470111274502,-0.4455665876017179,0.16471387811657626,1.2446041070502525,0.32187219793226735,0.7524115732861076,-0.6978237769120395,0.785880669122657,-0.35302466595906984,-0.1852861218834254,0.5697527388526296,-0.29274767197162826,-0.37242879453916927,-0.13376569096646143,-0.9781277007374821,0.3850861500150868,-0.7091982322308599,-0.26718446445859473,-1.1537468123366446,0.1472712066581865,0.46161136619549864,-0.20421559039004628,0.3996451484848614,0.0939295130035288,-0.6239295130035165,0.40614858046516605,-0.3138514195348317,0.7671665994599886,-0.8802122870816866,-0.4029791908647679,1.0313411745402445,1.1704277627435964,0.7166409036892629,-0.4927151137587061,0.36128272515709997,-0.22032708827212935,0.3813855859954894
-0.12507954380122405,-0.26167750038099213,0.32095933593474907,0.5268387767635557,0.5954637265523134,0.3642035209559424,-0.5480946082749755,-0.5024100533564576,-0.08757187151852452,0.4129880248929669,0.9194030693773888,-0.3487642050558362,-1.1157823341320785,-0.2797715459244892,-1.0003004593231881,0.1803185344482103,0.6980081652511484,0.6026306990704201,0.08816364784911268,0.5365549052835418,-0.1181170813609475,-0.1903004593231926,-0.4896814655517803,0.23193854224757585,0.43948196671444767,-0.3663092278036309,0.6719564764222584,-0.6631297157245127,0.5096995406768032,-0.005021444250776015,-0.13135264551552725,1.1043332859690458,-0.11632256630920029,0.16867495858241474,-0.714828057526493,-0.08030045932319474,0.6267335789326302,0.27513336411337513,0.1423914600075524,1.0585354075335862,0.20296994976795701,-0.33772814458578876,0.9647196810349855,-0.09975967530817309,-0.19614431326324325,0.5104536433165215,-0.7232251488741136,0.9679498094097839,0.6569030589972152,0.03261008700172001,-0.4026100870017147,1.1429880248929176,0.26298802489296863,-0.130414018527257,0.19726238346557093,0.02283119990405156,-0.4695321611605762,0.6847375441034277,-0.09547378367469961,0.9410798096537075,0.871607051936171,0.7970516850497985,-0.6554139482615765
1.048234544097086,1.4500601853482873,0.022590739482979197,-0.03601045023426474,1.0767151871232687,0.777191206167196,0.0753612211013784,-0.2674429813614907,-0.6236228671951738,-0.03074063949995461,0.43338155720776106,-0.7623733611595978,-0.1421225818599095,-1.276252195495317,-0.6660027345152788,-0.7550631140413886,-0.24727089385652987,-1.3517209100952812,0.35497855032544734,-0.7637969876509993,-0.20228820502770628,-1.3760027345153025,0.0049368859586178026,-1.360430376436411,0.3583096696532029,0.43120234522322354,0.3940215253485294,1.520273274603638,-0.5660027345152774,1.0179240603635382,0.6330846191411899,-1.0000079206806536,-0.018335546572115495,0.37087944284010654,0.9168851027554574,-1.436002734515303,0.07905908266633303,-0.6580062278192311,-0.6047581458387936,-0.2461805865680319,0.27032520905672386,-0.2119082123968437,-1.282532988871893,0.8556851548066013,-1.3811784957241247,-0.6530041369753501,0.22126159303343002,-0.1831445365867062,-0.6788184593842868,-0.5139732357180753,-0.7760267642819245,-0.4107406394999462,-0.6407406394999551,-0.6825662807511472,-0.6412772112040737,-0.10744082954465808,0.37279459702898976,0.07418238205598783,1.0795343913319482,0.21600399528585146,1.0470943025743262,0.6143697510259496,0.5257878111770877
0.9519350787468495,0.16933603465259758,-0.582485253349496,-1.0229370237688067,-0.6106412892312765,1.5945208303967127,0.44115404434451033,-0.11480691309387552,0.30952990169635886,-0.5065420823465602,0.5589676185080175,1.2369601781879858,-0.40811440670744703,1.089630428305304,1.074523079108379,0.7701999094941117,-0.12377273306764378,-0.7302994702363033,0.0867025879830733,1.2232252281963567,1.3492609056866045,0.8845230791083769,0.7001999094941116,0.379528396111527,0.7665721437430117,-0.10397386442304625,0.9919572382154167,-0.048699716058079615,1.3645230791083627,-0.20168926858529465,0.5877349297896364,-0.15805745222727594,0.4491025113784628,0.606554004394031,-1.0605271329578054,0.6745230791083852,0.21570961034868696,-0.3423249691778071,-0.7679650878109736,-0.5649240132720117,-0.9312650709490562,0.790032293960969,-0.492707571612696,-1.1150978637794406,0.07734954943345328,0.8599485935276594,-0.06959842012531824,-0.6440344202279664,-0.1579697450344584,-0.40203756381494227,0.18203756381494493,0.1934579176534347,-0.2765420823465614,0.8060569617476272,-0.4944708386914122,-0.2821465135834974,-0.7764468521786525,-1.4551542644928075,0.5272820571934265,0.535381306956545,0.634230026752187,0.010263220708299221,0.014379727419602296
0.6195348844650979,0.060173977416853514,-1.3590209897677765,0.37802230978476115,-0.4654537743881615,-0.9895183434681623,0.6286301746389191,0.09088616135113904,-1.9411529800461593,-0.3701773595878399,-0.7425183537010063,0.445005734287361,1.1112637789545634,-2.067690084899181,-0.0687381822211956,-0.781528636473841,-0.08563613241889718,0.588123513005248,1.0777554574663628,1.0524304532203852,-0.6661400934990513,-0.4687381822211881,0.28847136352614,-0.16199194864368727,-0.638909002782317,0.5328249574811483,-0.44882119691767497,0.30399682787781995,-1.538738182221196,-0.2672628494398894,-0.242973523455421,-1.2987101175651963,0.5818742054145538,-0.05977610055294533,0.5694929586820476,-0.5487381822212043,1.3361303694129514,0.24415415101705093,0.7765404764190975,-0.275206756031216,0.2200894591072115,-0.11725482226027194,-0.354196955052251,-0.5799859666616007,0.2725110427423307,0.7918719497906295,0.30512985813427274,0.975548231938296,-1.2415988663301234,0.34542738852008453,-0.44542738852008656,0.7998226404121853,-0.9201773595878147,0.6591835474604528,1.440203744499351,-0.5486512574542428,1.1845054880217805,0.8278329833036429,-0.37641317695953547,0.3405386312608374,-0.529031992351492,0.21553284961040226,1.2922220436459007
0.2601270383258433,-0.19494557822266492,0.5563430350457794,-0.47110045895570485,-0.5939780100842253,0.17777285829350334,0.15927890164355787,0.49735044974396925,1.1736753143147454,0.39011133007554166,-0.04598069528487917,0.15200512849448958,0.6149119483537092,-0.45264993925735897,1.158137845401316,0.9728879186573913,-0.5700992471767009,-1.0838763196137275,-1.035200596994805,0.44517759137724033,-1.1167798503232593,0.7181378454013341,0.5328879186573904,-0.7221747756416167,0.7236584397556804,-1.6740685740605756,0.09371758240475697,0.42473188290815855,0.2781378454013091,0.7062804414205625,-0.630998708805451,0.2865350374471991,-0.15608274893491933,-0.7286719942926898,-0.6830891176466538,0.5781378454013083,-0.9132041067030242,-0.2745254130171129,-1.011141859239328,0.36040197043437167,-1.2109144339832256,-0.8767281260643247,-0.43207273185093253,0.7510423083398503,0.5737286643562713,0.5688012809047812,-0.31792363378818345,0.6292961432690565,-0.7969904275754925,0.7971398724917269,0.032860127508283106,-0.19988866992445178,-0.3998886699244588,-0.24481605337595544,-0.26414831788402826,-0.3108785459830547,0.3104176786846832,-0.45103760358308953,0.1614092963474649,1.1325603768808596,0.7730615944919241,0.3266145716313915,-0.137815481723952
-1.08347464611688,0.31987152743677266,0.757561202234648,1.0661193434077292,-0.8295739442242848,-0.5380260366522998,0.19770375190558592,0.4272859464560053,0.6305349488866084,-0.8455518034895332,0.5373329879988611,-0.6957512085155843,0.6059408991714729,0.9308800686590374,-0.6958667085950326,0.09368760393761455,-0.14351962886469044,0.38510140834798884,0.6176080754379724,-0.22625749032053022,0.0932644534326677,0.9141332914049661,-1.1863123960623538,0.645549523881264,-0.5702361269244967,0.0357489289072889,-0.20746391287618726,-0.8605264070488644,-0.07586670859503006,-0.46092066417872396,0.6766124377756905,-0.06889228845403239,0.7861882970555855,0.0451043151287641,0.2489375395710021,0.07413329140497041,-0.3734276045739688,0.9139765274305657,0.7173692051683861,1.2273227009842278,0.006627301167879144,0.29826717039545186,0.25616546602981666,0.46664303011379843,1.0744584835251765,-0.18888769002848682,0.47911059289132657,0.8545951265430266,0.08529662805751675,-0.6906818789191583,-0.2793181210808224,0.39444819651046575,0.35444819651046583,-0.788897977043166,0.7499402845626214,0.09147039959797199,-0.8506001416431174,-0.6672436810748009,0.10685551540363711,-0.17863892381141416,-0.16779659396253793,-0.044435558332892366,0.9589270580254993
0.9815797783241939,0.09814172577605935,0.2564396464725894,-0.2139306629273383,-0.7651717895898037,0.9111428714331135,-0.07415627852518909,-0.49569047466806504,-0.9617831669591276,0.43664378904881024,-0.5899260887499723,0.7460313429129898,-0.761461806710572,0.7595546224334012,-0.45138768366829857,-0.4360859579589163,-0.2904421865535218,0.2965474407165222,0.21735568520482038,0.24068730847482164,0.972349156152955,0.208612316331696,0.7639140420410985,0.9955399068588098,1.2605279300868102,0.08615235299460926,0.5280355459588176,-0.4924851341447265,0.5386123163316808,-0.4075385249539267,0.7012822173318208,1.2857489507145285,0.9462572209829755,-0.13682475482420828,-0.0847108089640183,-0.7913876836683192,-0.8726558357576877,-1.0230090043086066,-0.5826918562473254,0.533552943143234,-0.3558825693239788,1.2348631033392719,0.18152634072936072,-0.9237153362680994,-0.24683524284440694,-0.14339719029626885,0.7381819259693837,-0.12879659372164864,1.455263180550624,0.8872235497295747,-0.4672235497295916,-0.11335621095119082,1.226643789048828,-0.6999181584030406,0.7750037924090044,1.3207649374761323,-0.2015110675813783,0.3615718479772618,-0.6495168341014183,-0.3385291326119391,-0.7145340029151975,-0.6794705257916792,-0.9431684344199868
1.303247530215,0.5192387298824959,-0.7410766123810859,0.7023322415889146,-0.30202458566483736,-0.8902425531697837,0.6791355632800717,-0.13438691860398863,0.30527746425861424,0.5105126528506129,-1.113463480809922,0.08745354910349677,-0.19873533812208452,-1.0104064733977436,0.3427434439850461,-0.2218528983304209,-1.049282860161325,-0.20672707154510697,0.6314752377857495,-0.9564017591434468,0.1406523905989939,0.5727434439850341,0.5981471016695814,0.25078031998983624,-1.0020506118480565,0.49383942373695033,0.28410343449800735,-0.4217145539979761,-0.5772565560149647,0.9782665260195678,-0.9940890783371958,-1.2268009406505598,0.009642705893446473,-0.21026876202818476,-0.3671378704837477,-0.007256556014957619,-0.3858290319909792,-0.4827197646814816,0.9863373616608778,-0.20672856501395023,0.5096221071959911,0.5787906396434466,0.3229479309730856,-0.7746149700587988,-0.3762222629453206,-0.572213462612905,-1.0093297799833245,-0.2605823797920266,0.15085687758704072,0.8358175683840439,0.48418243161594987,-0.5594873471493584,-0.029487347149361822,-0.2854785468168908,-0.2199838628502849,-1.2146093901408712,0.8060063123503778,-0.5547374037780464,0.7120089756248564,-0.7674378024845347,0.7251164926628264,-1.0273042748362626,-0.7262804747749165
0.6472478255671378,-0.05605174560604925,0.37094840255822076,-0.888490967094579,1.0562238695666981,1.1792762682088853,0.6155419401853713,0.6259348734860294,0.10006285455116098,1.0997285253071862,-1.1296587549569697,0.16462315602013322,0.9656324853610164,0.05052169345165222,0.34495625064888186,-0.11895852261169977,-0.17356699826890493,-0.9714686006679211,0.7026759470587277,0.8931180775341511,1.233159929661327,-0.4450437493511176,1.1310414773882986,-0.7760859704819584,-0.5879641618892067,0.22901939880506028,-0.21231479295264824,0.26268491695777507,0.1149562506488775,-0.2668746713838725,-0.9852962596138811,0.42706851645562,-0.8464094539464345,1.0683043420509446,0.8087702583781079,-0.6950437493511045,-0.7683458028758606,-0.20228865609430974,-0.740364008686098,0.12441177273250652,0.37373079726998887,0.6872520464709889,-0.20833927292718935,-0.3169882834699696,-0.20434200238232936,0.01895756879086245,0.35938497823625465,-0.6629736791539284,1.6998644060852592,-0.007360650090053884,0.36736065009004043,0.729728525307186,0.21972852530715953,0.6430280964803773,-1.208864211787264,0.8882036755213271,-0.13806892700751033,0.024560974129812483,-0.05566204521479974,0.5926322031651968,0.1506109741666296,-0.7535005642822362,-0.938892019344517
-0.6367667544094188,-0.1528719696100514,0.9463991050727242,0.40716448122328597,-0.09334045448722442,-0.30113097222323415,1.0147846746629874,-1.1648465279215647,0.9299243852176965,-0.5254736431376381,0.5724153636828787,0.5105240429618269,-0.7420408679438858,-0.4233161699107131,0.0824717269215894,-1.0873938696254644,0.4312537872332881,-0.498314380588538,0.797062652979673,-0.6984405072542857,0.027956261382899625,0.0824717269215894,-0.7073938696254756,0.47170412292188235,-1.2259650632101116,-1.2542935631776537,-0.5632742690911048,-1.2477218973728446,0.8324717269215719,-0.6610337325564343,0.3567948457522462,0.058056767633775756,0.13880970304176315,0.23783498093366012,-1.2221037170266882,0.16247172692158998,-0.6295048628049448,0.5093118222735369,-0.950683415240272,-1.0667933929271156,-0.09055150043375731,-0.3825556592096824,0.48919915729251906,0.5634167715975086,-0.3362648865276565,-0.7801596713270226,-0.35868838485877963,-0.9772789308046842,-0.3453163082461821,-0.868119097550668,0.4881190975506299,-0.8954736431376543,-1.0954736431376169,-0.9193684279370086,-0.3809868205954561,0.48943272845835273,0.34191349580114305,-0.1949829627895438,0.813432240956092,0.4639029194475881,0.8858557392872101,1.0097248987138985,-0.7971097033274736
-0.34890883123337135,-0.9736802672723477,0.7459546509006167,0.4430043204115448,-0.6114707376159296,-0.1209719837814438,-0.7339471507229518,0.5078188930507348,-0.3172357069799815,0.6467451068322014,-0.07538881385388696,0.3215480878090248,0.4958538614204653,-0.993762079944053,0.39056580352266024,-0.5499826174519037,0.9847305633683872,-0.8085712894132722,1.013057458677885,-0.5817041585524627,-1.0711296044987109,-0.36943419647734244,-0.8599826174519036,-0.7313062114321478,0.4784417243757582,0.12389080759105717,-0.8595542100794344,1.070932303726758,0.5105658035226639,0.06048886597507059,-0.49365192027338495,0.2752386896735085,-0.4589707883379176,-0.08010415945556013,0.3594677096390535,0.6805658035226638,0.6178834618620032,-0.4236099928915906,-0.7859328878941285,1.2416185710694094,-0.12383807923854565,-0.026917747800239485,0.3985512600588422,0.07805771865474245,0.17973772190890117,0.034509157947878705,-0.6190335108157119,-0.04182353577472706,-1.0231441479625378,0.935804349586921,-0.06580434958693199,-0.8832548931677986,-0.5732548931677985,0.011516542871199973,0.5357660291359984,-0.7241967316945299,-0.49403536699615624,-0.0458141879584521,-0.7624946144840474,-0.20061138946049092,0.05627661824054704,-0.3646566390828957,1.0248560515973262
